mode,k,k_squared,ref_initial_real,ref_initial_imag,pred_initial_real,pred_initial_imag,initial_complex_abs_error,final_complex_abs_error,mean_complex_abs_error_over_time,relative_complex_error_over_time,ref_final_amplitude,pred_final_amplitude,final_amplitude_ratio_pred_over_ref,exact_vs_reference_relative_error_by_mode,fitted_decay_rate,decay_rate_error,valid_decay_fit
0,0.0,0.0,40.212385860203675,0.0,40.21238586279918,0.0,2.595506032321282e-09,2.593012027318764e-09,2.594513875469557e-09,6.452027002483766e-11,40.21238586020367,40.21238586279668,1.0000000000644829,1.3844125271667678e-16,1.3071524543600505e-14,1.3071524543600505e-14,True
1,0.15707963267948966,0.024674011002723394,-39.01860822557467,-1.5543122344752192e-15,-38.99486788484501,-6.134538502178266e-10,0.0237403407296597,4.5048960161141025,2.2871288488397883,0.07188250854321175,34.489971868730905,38.99486788484501,1.1306146619446305,1.1577279124387915e-16,3.989392467579144e-17,-0.024674011002723355,True
2,0.3141592653589793,0.09869604401089357,35.76810951683773,-9.43689570931383e-16,35.679481024853885,-1.0218063819985446e-06,0.08862849198973761,21.836365343275585,19.82867374263003,0.7945151843183488,21.836360227520203,6.86339223808659e-06,3.143102681296083e-07,1.1716645867594126e-16,3.5989331673397515,3.500237123328858,True
3,0.471238898038469,0.2220660990245106,-31.252265253826955,-1.4988010832439613e-15,-31.045579665927562,-3.6574288897958662e-06,0.20668558793175362,10.296024145952282,14.692534455127483,0.8175314035407516,10.29606070808591,3.9678674815787656e-05,3.853772422362117e-06,1.1841883865695343e-16,2.2217683411521385,1.9997022421276278,True
4,0.6283185307179586,0.3947841760435743,26.318947965577834,-5.551115123125783e-17,22.77012085472228,7.57210925272922e-06,3.548827110863633,19.114125969698964,11.541698191551781,0.9826681417060319,3.655994885024814,22.770120854723537,6.228159932058819,1.5099984350803964e-16,2.7450335978173916e-18,-0.3947841760435743,True
5,0.7853981633974483,0.6168502750680849,-21.589810521465168,-2.275957200481571e-15,-15.639075554019655,7.894414052328491e-08,5.950734967445513,14.651033391045406,9.556578920103469,1.2017908149751428,0.9880421629742484,15.639075554019655,15.828348364144922,1.343070120857293e-16,1.191614011986646e-16,-0.6168502750680848,True
6,0.942477796076938,0.8882643960980424,17.39884817795113,1.887379141862766e-15,17.398849140623014,6.233280999309656e-06,6.307180760703473e-06,0.00011333593680826609,0.001987995197165456,0.0005104875978084957,0.20496460503222336,0.20507372989654846,1.0005324083361025,2.3643887519165865e-16,0.8883019904635612,3.7594365518756057e-05,True
7,1.0995574287564276,1.2090265391334463,-13.860224989806062,9.298117831235686e-16,-13.86022907119007,-8.41840701922697e-06,9.355601112430502e-06,0.0011901268356986998,0.0033070875679216283,0.0012518798441639436,0.0328399515738899,0.03170867131838361,0.9655517075608072,2.8427880887063564e-16,1.207467435950163,-0.001559103183283339,True
8,1.2566370614359172,1.5791367041742972,10.960400943258088,-2.545622844533582e-16,10.960355134095462,-1.828196253487328e-05,4.9322505356900925e-05,0.004027353389840142,1.3202971554128677,0.9240437981094015,0.004081075764272385,5.927929555636582e-05,0.01452540922550962,3.215296880216188e-16,0.19511448972666018,-1.384022214447637,True
9,1.413716694115407,1.9985948912205949,-8.62745659157676,4.85722573273506e-16,-8.627428368532975,3.1597450369721947e-06,2.839936952061157e-05,0.0003433129256671425,0.0008528342199207315,0.0007673772077682417,0.00039444741908127546,8.614180358650265e-05,0.21838602414268357,5.016177341120964e-16,2.099150900544789,0.10055600932419395,True
10,1.5707963267948966,2.4674011002723395,6.771719124745782,1.3877787807814457e-15,6.771725116797745,-1.5020519735312732e-06,6.17744662974208e-06,0.00032163088794443775,0.0011310724465620002,0.001657549383762815,2.9703356236232655e-05,0.0003513325621623925,11.82804257432132,8.401271749635782e-16,2.2848766220451915,-0.182524478227148,True
11,1.7278759594743864,2.9855553313295315,-5.305797083665271,3.3306690738754696e-16,-1.234471976757049,8.344650271954746e-07,4.071325106908308,2.9956727337843924e-06,0.4588090623852705,0.8363023922988883,1.7446150226710697e-06,1.4067201281806291e-06,0.8063212284088261,8.636383375218823e-16,3.2546708389328463,0.2691155076033147,True
12,1.884955592153876,3.5530575843921697,4.152722013629521,0.0,4.152735846082923,-2.0263051277447097e-06,1.398008152950528e-05,9.570496390047465e-05,0.00040858338465972184,0.0011924586794002355,7.997722789844888e-08,9.574952723581709e-05,1197.2098777591427,1.0563672297289949e-15,2.2810310339314754,-1.2720265504606942,True
13,2.0420352248333655,4.169907859460253,-3.248085443256918,-6.38378239159465e-16,-3.2480928832919322,6.16396043414541e-06,9.661704262473966e-06,0.0001717965618139873,0.0006292686928362524,0.0029598955756898987,2.86277828464627e-09,0.0001717993735577713,60011.41425417761,2.2191321878509924e-15,2.091228402824412,-2.0786794566358413,True
14,2.199114857512855,4.836106156533785,2.5394871616500927,-5.551115123125783e-17,2.539488345767685,-8.467832781974618e-06,8.550223768722665e-06,0.00029109944810934684,0.0006719743925573565,0.004018979452732428,8.003413850811113e-11,0.00029109952607191586,3637191.9720534524,3.1153224800310352e-15,1.7315510695402185,-3.1045550869935665,True
15,2.356194490192345,5.551652475612764,-1.9849840395898293,1.1102230246251565e-15,-0.06238434556871686,1.2647360596524174e-06,1.9225996940215284,0.06238434557978766,0.12301423284769007,0.9654135021070294,1.7488490035902122e-12,0.062384345581536514,35671659161.80739,5.393327602377161e-15,-8.089902471894421e-16,-5.551652475612765,True
16,2.5132741228718345,6.316546816697189,1.55132311511931,-2.498001805406602e-16,1.5513091721107841,-0.00020380874655900882,0.00020428512589174927,0.0003788240656132124,0.0006002030291863537,0.0041812238178075304,3.01243655696384e-14,0.00037882406558369455,12575337552.187386,4.842089801971663e-15,1.2053170202058758,-5.111229796491313,True
17,2.6703537555513246,7.1307891797870635,-1.2122923680185376,1.3600232051658168e-15,-1.212264679527608,3.230383291680933e-05,4.254632946551127e-05,7.519259960678672e-05,0.0009536632491304084,0.022219932693614025,1.368552987679462e-15,7.519259960711948e-05,54943140882.41269,1.0299663175503365e-14,1.377897062674726,-5.752892117112338,True
18,2.827433388230814,7.994379564882379,0.9473008745475033,-7.840950111415168e-16,0.9472984265441162,7.551943997618853e-06,7.938802097188648e-06,0.0004306765035983761,0.000678797682095683,0.012843789893797475,9.957266247243554e-16,0.0004306765035985409,432524844575.45166,8.617147397739464e-15,0.907404010051426,-7.086975554830953,True
19,2.9845130209103035,8.907317971983145,-0.7402076249741972,-1.6688039838896884e-15,-0.7401753358337121,-1.341052694579098e-05,3.496327825287949e-05,0.0003909720548839367,0.0008147123596946874,0.02512934553928891,4.161956162674812e-16,0.0003909720548838915,939394937385.9359,1.0207818189176902e-14,0.8388421409726167,-8.06847583101053,True
20,3.141592653589793,9.869604401089358,0.578375653294984,1.5838025335668249e-15,0.5783404157409976,0.00013405145733635937,0.0001386054776136934,0.0002870830417120206,0.0005832583770415146,0.021548225237063876,3.1180368903774947e-16,0.00028708304171233225,920717271172.4257,1.0787294328639947e-14,0.8195322666216942,-9.050072134467664,True
21,3.2986722862692828,10.881238852201017,-0.4519193114819677,1.4792854441392222e-15,-0.45182575387152996,-0.00038621117335518743,0.0003973815507750075,0.0003777233746243118,0.0007940042044356885,0.05709286810600813,4.493431888098502e-16,0.0003777233746240087,840612218078.7098,1.694453558806609e-14,0.6691401870450505,-10.212098665155967,True
22,3.455751918948773,11.942221325318126,0.3531086480981971,1.033895191682177e-15,0.35309029296913563,-1.1651400384033112e-06,1.839207204678472e-05,5.427590610077908e-05,0.00010959717446794183,0.009279864606836677,8.338125159080452e-16,5.427590610042764e-05,65093657224.99338,2.087440281275774e-14,0.8851430854718451,-11.05707823984628,True
23,3.6128315516282625,13.052551820440678,-0.2759013142767146,-3.7470027081099033e-16,-0.2758799976139097,5.0909830940117085e-05,5.5192490426940536e-05,6.080564072732752e-05,0.00029823888235639226,0.03927910710307522,1.2379801003224523e-16,6.080564072722019e-05,491168159418.5752,2.8880590930292237e-14,0.9416049812377907,-12.110946839202887,True
24,3.769911184307752,14.212230337568679,0.21557473715627867,-2.042553036500308e-16,0.2156291648656537,-0.0005891351015252408,0.0005916439329501549,0.00023887157745255396,0.0005698983528336654,0.08619557670082359,6.08770162779053e-16,0.0002388715774531315,392383845428.0939,3.316328822471798e-14,0.4785676917461524,-13.733662645822527,True
25,3.9269908169872414,15.421256876702122,-0.1684384529565368,5.950101522600448e-16,-0.0007052996629673238,4.024286529058822e-08,0.1677331532935743,0.0007052996641165555,0.0036834060992244847,0.9945572129600432,4.945954092847305e-16,0.0007052996641160616,1426013365421.336,5.1104155210745624e-14,5.682534141610957e-16,-15.421256876702122,True
26,4.084070449666731,16.679631437841014,0.1316085426732651,8.673617379884035e-16,0.13157039234516946,8.533796550385234e-05,9.347735495826936e-05,6.990952650478169e-05,9.360224754564986e-05,0.014898470798037826,5.72292506307525e-16,6.990952650428961e-05,122156983944.01704,5.614725743908233e-14,0.6978187810716535,-15.98181265676936,True
27,4.241150082346221,17.987354020985354,-0.10283162757376205,-9.8879238130678e-16,-0.10278408324462018,-0.00032538212351088027,0.0003288373298963426,4.787276640838277e-05,0.00012580544695213542,0.043848522047093635,7.155029522103694e-16,4.787276640831453e-05,66907853084.915245,6.5012534594354e-14,0.6992226343202522,-17.2881313866651,True
28,4.39822971502571,19.34442462613514,0.08034688874830623,-3.3350058825654116e-16,0.07997200176883279,0.0011008790770640933,0.00116295958214245,5.456148822400614e-05,0.00016423107918911428,0.05372982419829747,6.185710228566994e-16,5.456148822370424e-05,88205697013.94527,1.063402859983626e-13,0.5697381770808428,-18.774686449054297,True
29,4.555309347705201,20.750843253290384,-0.06277857149423986,-9.493274222283077e-16,-0.06263830357519923,-0.0001572078246594383,0.0002106878953472275,2.9083167849452076e-05,0.0001029981597472078,0.07604928968177999,9.526988284870191e-16,2.908316784855953e-05,30527137201.109512,1.7400168125505116e-13,0.4381461499908128,-20.31269710329957,True
30,4.71238898038469,22.206609902451056,0.04905164616022794,5.539188899228442e-16,9.956955909804871e-05,1.4305114747842924e-06,0.04895207662203159,9.957983461329172e-05,0.0008101683946339586,0.9974837305867192,1.3875126267413304e-15,9.957983461445456e-05,71768597052.93256,2.846467848460419e-13,2.1512883104170195e-12,-22.206609902448903,True
31,4.869468613064179,23.711724573617182,-0.038326209970300534,1.2642339432267224e-15,-0.038166204501534885,-0.002524881029274741,0.0025299458417192998,0.00011460881139293076,0.00022491962948554777,0.17636602745672997,7.162785076757095e-16,0.0001146088113922197,160005933675.3241,3.9129469235726213e-13,0.5432685242943448,-23.168456049322838,True
32,5.026548245743669,25.266187266788755,0.029945938776290995,-0.0,0.0010434791538407651,-0.0005369529164177568,0.02890744697585408,0.00023873650549764727,0.0005372860113508566,0.9601877137355318,1.0293469641424102e-15,0.00023873650549834975,231930062277.15512,4.09275938566505e-13,0.27057615597587387,-24.99561111081288,True
33,5.183627878423159,26.869997981965778,-0.023398080102355855,8.921357576296973e-16,-0.0009622488488684345,-2.8248932664784844e-05,0.02243584903758179,0.00012278716282783158,0.0003890445873459446,0.9529594393802862,1.6791666715313248e-15,0.00012278716282749394,73123868469.54123,6.986854018509149e-13,0.2759483766039129,-26.594049605361864,True
34,5.340707511102649,28.523156719148254,0.01828193686880975,-8.017675065530305e-16,0.0004697971086844002,-4.785699994153102e-05,0.017812204050220222,0.00022759423250827353,0.00035059236883058044,0.9719955305740052,1.5702545477383557e-15,0.0002275942325089387,144940979688.12994,8.11394013552934e-13,0.16185682090671233,-28.36129989824154,True
35,5.497787143782138,30.22566347833616,-0.014284483611204195,-1.1861171766991419e-15,-0.0002104103658140729,-0.00018315040570624896,0.014075264892275242,8.379664122486755e-05,0.00022665520341730753,0.9835458673357702,7.153949972876626e-16,8.379664122536207e-05,117133390005.61557,8.12210322781403e-13,0.34785443184073056,-29.87780904649543,True
36,5.654866776461628,31.977518259529518,0.011161085612821583,2.8666305440516737e-16,0.0005436282064048906,-0.00012694543305044647,0.0106182162777015,4.835287085694271e-05,0.00017103997874179188,0.9466216547822616,4.703421974179466e-16,4.835287085648212e-05,102803599425.9637,8.1723560629472e-13,0.40321635885501317,-31.574301900674506,True
37,5.811946409141117,33.77872106272833,-0.00872065026801258,-1.3877787807814457e-17,-0.000223273815424474,0.00043361106140465695,0.00850843258947095,8.185386525560427e-05,0.00016430841218370833,0.9759089513683666,1.4997009227210928e-16,8.18538652556465e-05,545801259541.3285,8.01705146798277e-13,0.2282108118431993,-33.55051025088513,True
38,5.969026041820607,35.62927188793258,0.006813819793385759,9.471590178833367e-16,0.0013797270548111407,0.00014671663842896526,0.0054360730001924195,0.00013059824871435003,0.00015097051406727632,0.8064705458235563,4.619293991017018e-16,0.00013059824871448206,282723396623.9256,1.225117035947962e-12,0.2782745061478313,-35.35099738178475,True
39,6.1261056745000975,37.529170735142294,-0.00532394078164453,3.642919299551295e-17,-0.000386457101693091,0.0006574477142719545,0.004981062395391988,2.4822950174251095e-05,9.995392611377888e-05,0.940258217007277,5.006446952451076e-16,2.482295017429218e-05,49581969828.20174,1.6785047022905179e-12,0.5617987088417518,-36.967372026300545,True
40,6.283185307179586,39.47841760435743,0.004159822610458072,6.257931083123949e-16,0.00027217859259852026,5.110334655132717e-06,0.0038876473766430303,9.002484552358609e-05,8.636093899207495e-05,0.9369052079485384,1.1238201956526652e-15,9.002484552345755e-05,80106093369.4781,2.022458161615558e-12,0.12333378823078185,-39.35508381612665,True
41,6.440264939859077,41.47701249557804,-0.003250256243715579,3.226585665316861e-16,-1.3761465344704765e-05,-0.00018175176324980793,0.0032415940760475337,6.922012001908563e-05,7.031183662774492e-05,1.0035351248719988,3.4357009178531e-16,6.922012001925225e-05,201473066702.51874,2.684772833705221e-12,0.07563406819535627,-41.40137842738268,True
42,6.5973445725385655,43.52495540880407,0.0025395626259514387,2.1441182163073336e-15,0.0004180929504854882,-0.0007543727549479488,0.002251602060163518,0.00023468025476538237,0.00015576901697007762,1.0750044376789012,5.427909797352596e-16,0.00023468025476557286,432358428063.8481,3.0747669529602113e-12,0.14474032402571788,-43.38021508477835,True
43,6.754424205218055,45.62224634403556,-0.0019842758564016295,9.159339953157541e-16,-0.00013078734041011572,-0.0007591209576991512,0.002002918946770411,0.00018047920051006866,0.00013807782631372582,1.2179656969599544,5.196471953265637e-16,0.00018047920051055027,347311025891.57837,3.4714633184559764e-12,0.16018680914338249,-45.46205953489218,True
44,6.911503837897546,47.768885301272505,0.001550397162788002,1.3183898417423734e-15,0.00011673696885348972,0.00027831915637938076,0.0014604256586623436,5.695833481564494e-05,5.421526855414767e-05,0.9891080915754342,8.312140267390834e-16,5.695833481482368e-05,68524270503.80226,4.622854667916317e-12,0.2395872831053862,-47.52929801816712,True
45,7.0685834705770345,49.964872280514875,-0.001211397270860965,1.8041124150158794e-16,0.0001707031826310157,-0.00024633526441799475,0.0014038813076748015,6.523933332938599e-05,5.633714393892677e-05,1.2352911014930725,1.5988393930622836e-15,6.523933333086721e-05,40804181842.12564,7.294117939695062e-12,0.1653088106455487,-49.79956346986933,True
46,7.225663103256525,52.21020728176271,0.000946513654275026,1.6930901125533637e-15,0.0003625851795961976,0.000950740917169768,0.0011157422440323463,8.39846934636927e-05,7.771292326234764e-05,1.5944187444233893,5.322733442911236e-16,8.398469346374193e-05,157784894480.4702,1.0692902274669011e-11,0.284846507358522,-51.92536077440419,True
47,7.382742735936014,54.50489030501598,-0.0007395563691925955,2.7755575615628914e-17,-0.0004697658604280869,-0.00037384460265176694,0.00046102787936445953,4.520877076801944e-05,4.304996100362646e-05,0.9840675473324665,1.1890693381175816e-15,4.520877076894331e-05,38020298160.67196,1.8556208574353175e-11,0.21993955718489064,-54.28495074783108,True
48,7.539822368615504,56.848921350274715,0.0005778440128651197,8.326672684688674e-16,0.0005499943134275875,-0.00019973243465801205,0.00020166469996881094,7.705630515460672e-05,6.700462230061911e-05,1.4959497717184989,5.564029472481727e-16,7.705630515512887e-05,138490109616.11496,1.9956983739201816e-11,0.174660855850284,-56.67426049442443,True
49,7.696902001294994,59.242300417538885,-0.00045149838486871485,-9.159339953157541e-16,-0.0008136823235553514,-0.0004529154338256611,0.0005799220599694604,6.857218254983718e-05,6.685034338881837e-05,2.566056220032176,8.226387554359167e-16,6.85721825490168e-05,83356372521.8372,3.0926117875626117e-11,0.3267381331072797,-58.91556228443161,True
