step,loss,weighted_loss,initial_loss,residual_loss,initial_weight,residual_weight
1,66893.3816713659,66893.3816713659,6623.462322036848,658.7584509974462,10.0,1.0
2,635.005405117079,635.005405117079,62.29862771917382,12.019127925340808,10.0,1.0
3,60364204.89743647,60364204.89743647,2668757.974646765,33676625.150968805,10.0,1.0
4,17240396.216698915,17240396.216698915,761926.1393070739,9621134.823628176,10.0,1.0
5,16185.045529521794,16185.045529521794,703.0867855933798,9154.177673587996,10.0,1.0
6,36.30290615505742,36.30290615505742,3.145499573003251,4.847910425024907,10.0,1.0
7,232.49427318964158,232.49427318964158,0.25748354596037276,229.9194377300378,10.0,1.0
8,6.477420317085228,6.477420317085228,0.25937995672401276,3.883620749845099,10.0,1.0
9,31.54997063018952,31.54997063018952,2.5417564329091475,6.132406301098038,10.0,1.0
10,4.756277864510315,4.756277864510315,0.07646704645066184,3.991607400003696,10.0,1.0
11,3.697337144787288,3.697337144787288,0.12535825998551195,2.4437545449321676,10.0,1.0
12,2.631976439537417,2.631976439537417,0.0636292518264719,1.9956839212726987,10.0,1.0
13,3140.8134036635065,3140.8134036635065,313.4555918266794,6.257485396711825,10.0,1.0
14,38.52974360860016,38.52974360860016,3.67468562493143,1.7828873592858507,10.0,1.0
15,4679.161501792772,4679.161501792772,463.66990577498973,42.46244404287372,10.0,1.0
16,36781920.39451418,36781920.39451418,3674644.9590511518,35470.80400267976,10.0,1.0
17,1832137.8517735407,1832137.8517735407,7730.737959586694,1754830.4721776745,10.0,1.0
18,1701379.598350308,1701379.598350308,179.5581653460522,1699584.016696848,10.0,1.0
19,1167830379.7900138,1167830379.7900138,116699496.7767107,835412.0229066612,10.0,1.0
20,14792472922.229483,14792472922.229483,1473345687.0512283,59016051.717196316,10.0,1.0
21,429852039.9146511,429852039.9146511,42150594.85605948,8346091.35405621,10.0,1.0
22,31256780.22719872,31256780.22719872,2366343.3696345384,7593346.53085333,10.0,1.0
23,7353838.624030016,7353838.624030016,50.732733280012106,7353331.296697216,10.0,1.0
24,6743281.402643114,6743281.402643114,26475.283761296192,6478528.565030152,10.0,1.0
25,3981871.2239623084,3981871.2239623084,157682.94802968312,2405041.7436654777,10.0,1.0
26,3.727510012613724e+16,3.727510012613724e+16,3722517969633616.5,49920429801075.36,10.0,1.0
27,637786402.6662422,637786402.6662422,62436001.24022716,13426390.263970299,10.0,1.0
28,25665866.570348743,25665866.570348743,1229330.0323330527,13372566.247018216,10.0,1.0
29,13328516.97213543,13328516.97213543,14.561160376881132,13328371.36053166,10.0,1.0
30,13222107.883587068,13222107.883587068,3961.226115028703,13182495.622436779,10.0,1.0
31,12520043.761493068,12520043.761493068,54291.28881377837,11977130.873355279,10.0,1.0
32,1.2275201963570002e+17,1.2275201963570002e+17,1.2258907503509816e+16,162944600601875.47,10.0,1.0
33,14688715744.875002,14688715744.875002,1436278258.2660031,325933162.21497035,10.0,1.0
34,307059206.1934267,307059206.1934267,109256.94815777229,305966636.7118491,10.0,1.0
35,309481094.9511823,309481094.9511823,7804.250103175731,309403052.45015055,10.0,1.0
36,297448801.87528384,297448801.87528384,1262846.703918743,284820334.83609647,10.0,1.0
37,734019971730.7405,734019971730.7405,73374928444.43971,270687286.3431382,10.0,1.0
38,10369204401912.246,10369204401912.246,1031930039270.5117,49904009207.12875,10.0,1.0
39,1105661845780.9746,1105661845780.9746,106797840801.2286,37683437768.688065,10.0,1.0
40,34407197325.33201,34407197325.33201,69609831.47577536,33711099010.574257,10.0,1.0
41,33711996473.76603,33711996473.76603,364268.3934731273,33708353789.8313,10.0,1.0
42,32830096848.77728,32830096848.77728,36764346.819891766,32462453380.578365,10.0,1.0
43,27500037074.323593,27500037074.323593,393056979.35807204,23569467280.742874,10.0,1.0
44,9790540028.53885,9790540028.53885,729380057.4616414,2496739453.922439,10.0,1.0
45,307788522.1259507,307788522.1259507,11586441.50028888,191924107.12306195,10.0,1.0
46,122862918.95448026,122862918.95448026,1079.7833712013423,122852121.12076825,10.0,1.0
47,122019500.70725904,122019500.70725904,2546.6265802888015,121994034.44145612,10.0,1.0
48,116618069.95603146,116618069.95603146,61422.19868000077,116003847.96923146,10.0,1.0
49,86674137.77122016,86674137.77122016,393595.1176920731,82738186.59429939,10.0,1.0
50,17567100.207945272,17567100.207945272,290766.61735976243,14659434.034347652,10.0,1.0
51,102064.33357090811,102064.33357090811,434.05054186905676,97723.82815221751,10.0,1.0
52,6.016389398188461,6.016389398188461,0.10240711990655044,4.992318199122957,10.0,1.0
53,2.071168178398443,2.071168178398443,0.055385494478381404,1.5173132336146284,10.0,1.0
54,2.071576680119307,2.071576680119307,0.05538452473350779,1.5177314327842293,10.0,1.0
55,2.1021297641852135,2.1021297641852135,0.05535257088358126,1.5486040553494014,10.0,1.0
56,2.070475055952359,2.070475055952359,0.05534391579485999,1.5170358980037588,10.0,1.0
57,2.0725474925897722,2.0725474925897722,0.05536355499654765,1.5189119426242959,10.0,1.0
58,2.0712411482813358,2.0712411482813358,0.05547703632909877,1.5164707849903474,10.0,1.0
59,2.0697033762804504,2.0697033762804504,0.05534035471915612,1.5162998290888885,10.0,1.0
60,2.0696569887759098,2.0696569887759098,0.055339142165642806,1.5162655671194818,10.0,1.0
61,2.072443715936199,2.072443715936199,0.05561543427361232,1.5162893732000762,10.0,1.0
62,2.0695673049780465,2.0695673049780465,0.05533820269561545,1.5161852780218918,10.0,1.0
63,2.0694876742165382,2.0694876742165382,0.05533701076449086,1.5161175665716293,10.0,1.0
64,2.0714983849337183,2.0714983849337183,0.05553486199950977,1.5161497649386204,10.0,1.0
65,2.0698389008499363,2.0698389008499363,0.05533648025897419,1.5164740982601943,10.0,1.0
66,2.0692665016144134,2.0692665016144134,0.05533635939043905,1.5159029077100228,10.0,1.0
67,2.069424219260855,2.069424219260855,0.055353646813549685,1.5158877511253581,10.0,1.0
68,2.069154093176134,2.069154093176134,0.05533460270667127,1.5158080661094209,10.0,1.0
69,2.0691268164818712,2.0691268164818712,0.055334554301911254,1.515781273462759,10.0,1.0
70,2.069175073438194,2.069175073438194,0.055335302263135946,1.5158220508068354,10.0,1.0
71,2.0690794096857235,2.0690794096857235,0.05533522369302272,1.5157271727554968,10.0,1.0
72,2.069085524642145,2.069085524642145,0.05533352294758715,1.5157502951662736,10.0,1.0
73,2.0699924209913725,2.0699924209913725,0.055407238806529875,1.5159200329260742,10.0,1.0
74,2.0690890793432843,2.0690890793432843,0.05533651303927702,1.515723948950515,10.0,1.0
75,2.068985099464264,2.068985099464264,0.0553338153811339,1.515646945652925,10.0,1.0
76,2.0797246382246364,2.0797246382246364,0.05564533467430141,1.5232712914816224,10.0,1.0
77,2.068943179816954,2.068943179816954,0.05533531430931142,1.51559003672384,10.0,1.0
78,2.068917744414547,2.068917744414547,0.0553346816573546,1.5155709278410003,10.0,1.0
79,2.0700889427608478,2.0700889427608478,0.05536792803355881,1.5164096624252594,10.0,1.0
80,2.0688988226153597,2.0688988226153597,0.055334728462364424,1.515551537991715,10.0,1.0
81,2.0828903712614526,2.0828903712614526,0.055345316937378645,1.529437201887666,10.0,1.0
82,2.0691777027079437,2.0691777027079437,0.055335092045341955,1.5158267822545246,10.0,1.0
83,2.069188445547991,2.069188445547991,0.05536362906420088,1.5155521549059827,10.0,1.0
84,2.0689445749711277,2.0689445749711277,0.05533565083767518,1.5155880665943757,10.0,1.0
85,2.0689443565514614,2.0689443565514614,0.055335542849590864,1.5155889280555528,10.0,1.0
86,2.0780976030296654,2.0780976030296654,0.055473353007505735,1.523364072954608,10.0,1.0
87,2.068788406926412,2.068788406926412,0.05533233187519892,1.515465088174423,10.0,1.0
88,2.068773565009154,2.068773565009154,0.05533245538359162,1.515449011173238,10.0,1.0
89,2.068757320397297,2.068757320397297,0.05533203558871315,1.515436964510166,10.0,1.0
90,2.0687487423567026,2.0687487423567026,0.0553314965307737,1.5154337770489659,10.0,1.0
91,2.0688718013830525,2.0688718013830525,0.05533155645202425,1.5155562368628102,10.0,1.0
92,2.068732810946941,2.068732810946941,0.05533108275391361,1.5154219834078049,10.0,1.0
93,2.0687243177920718,2.0687243177920718,0.055331165514874624,1.5154126626433255,10.0,1.0
94,2.068795862274639,2.068795862274639,0.05533237824160242,1.5154720798586145,10.0,1.0
95,2.0688993806563643,2.0688993806563643,0.05533870738702602,1.5155123067861043,10.0,1.0
96,2.068921981131473,2.068921981131473,0.05533660231179329,1.5155559580135403,10.0,1.0
97,2.068870521860264,2.068870521860264,0.05533484154044046,1.515522106455859,10.0,1.0
98,2.0687028416462803,2.0687028416462803,0.05533112942558134,1.5153915473904669,10.0,1.0
99,2.0686876219223747,2.0686876219223747,0.05533045514336837,1.5153830704886913,10.0,1.0
100,2.0688075448920116,2.0688075448920116,0.05533256511257036,1.515481893766308,10.0,1.0
101,2.0686626867846276,2.0686626867846276,0.05533002813299888,1.5153624054546384,10.0,1.0
102,2.068708540054542,2.068708540054542,0.055331142154019845,1.5153971185143433,10.0,1.0
103,2.0686513689660906,2.0686513689660906,0.05533023514161814,1.5153490175499096,10.0,1.0
104,2.0686425692307675,2.0686425692307675,0.05532976896100249,1.5153448796207432,10.0,1.0
105,2.0686262538761,2.0686262538761,0.055329600484623646,1.5153302490298644,10.0,1.0
106,2.068616270307193,2.068616270307193,0.055329410089382976,1.5153221694133636,10.0,1.0
107,2.0686099794226327,2.0686099794226327,0.055329259443393494,1.515317384988698,10.0,1.0
108,2.1663851930844307,2.1663851930844307,0.05539443261165657,1.6124408669678651,10.0,1.0
109,2.068590601761748,2.068590601761748,0.05532952682739709,1.515295333487777,10.0,1.0
110,2.0685698228498053,2.0685698228498053,0.05532929733118637,1.5152768495379423,10.0,1.0
111,2.068986629550137,2.068986629550137,0.05537184615956476,1.5152681679544897,10.0,1.0
112,2.068554987143069,2.068554987143069,0.05532914228833413,1.5152635642597279,10.0,1.0
113,2.068545777552217,2.068545777552217,0.055329313808248494,1.5152526394697319,10.0,1.0
114,2.068692317188325,2.068692317188325,0.05532910508721635,1.515401266316161,10.0,1.0
115,2.06853556852097,2.06853556852097,0.055329099424342214,1.5152445742775476,10.0,1.0
116,2.06855602491624,2.06855602491624,0.05533221523982853,1.5152338725179546,10.0,1.0
117,2.06852655454549,2.06852655454549,0.055328942917156974,1.5152371253739199,10.0,1.0
118,2.081849936228117,2.081849936228117,0.05555361945609281,1.526313741667189,10.0,1.0
119,2.0685278577974135,2.0685278577974135,0.055329809682833665,1.5152297609690775,10.0,1.0
120,2.068515664387624,2.068515664387624,0.055328930544875726,1.5152263589388673,10.0,1.0
121,2.068512659241337,2.068512659241337,0.05532895445942505,1.5152231146470865,10.0,1.0
122,2.0685101238034775,2.0685101238034775,0.05532899919118162,1.5152201318916616,10.0,1.0
123,2.0685094482387485,2.0685094482387485,0.055329277695093076,1.5152166712878183,10.0,1.0
124,2.0685388064916896,2.0685388064916896,0.055332392390668256,1.5152148825850071,10.0,1.0
125,2.068522685113385,2.068522685113385,0.05533006026163784,1.5152220824970066,10.0,1.0
126,2.0684932560098144,2.0684932560098144,0.055329073324041717,1.5152025227693975,10.0,1.0
127,2.0684900278520058,2.0684900278520058,0.05532909169513161,1.5151991109006897,10.0,1.0
128,2.1006089502900447,2.1006089502900447,0.05535160831454867,1.5470928671445576,10.0,1.0
129,2.0684949070735352,2.0684949070735352,0.055329178275253126,1.5152031243210033,10.0,1.0
130,2.068501895808682,2.068501895808682,0.055328983382051146,1.5152120619881708,10.0,1.0
131,2.0684730951949715,2.0684730951949715,0.0553289153817044,1.5151839413779271,10.0,1.0
132,2.068465843021235,2.068465843021235,0.05532896615012353,1.5151761815200002,10.0,1.0
133,2.068948776097651,2.068948776097651,0.055329656681022084,1.5156522092874303,10.0,1.0
134,2.068469580218314,2.068469580218314,0.0553291034940988,1.5151785452773259,10.0,1.0
135,2.0684856941527263,2.0684856941527263,0.05532982229586338,1.5151874711940931,10.0,1.0
136,2.0684461284199487,2.0684461284199487,0.055328931706101966,1.515156811358929,10.0,1.0
137,2.0684589295683806,2.0684589295683806,0.05532906284244651,1.5151683011439159,10.0,1.0
138,2.0684358561232705,2.0684358561232705,0.05532891708785881,1.515146685244683,10.0,1.0
139,2.0684294366432363,2.0684294366432363,0.05532884447067347,1.515140991936502,10.0,1.0
140,2.0684650768448423,2.0684650768448423,0.05532883033605698,1.5151767734842725,10.0,1.0
141,2.0684467638178443,2.0684467638178443,0.0553305340928647,1.515141422889197,10.0,1.0
142,2.0684288057182196,2.0684288057182196,0.055328908178722755,1.515139723930992,10.0,1.0
143,2.0859151983997593,2.0859151983997593,0.05534120550519368,1.5325031433478222,10.0,1.0
144,2.0684138023124485,2.0684138023124485,0.055328618062442984,1.515127621688019,10.0,1.0
145,1331.15664101409,1331.15664101409,112.02806775893343,210.87596342475592,10.0,1.0
146,2.0782325928589027,2.0782325928589027,0.056111440984310555,1.5171181830157972,10.0,1.0
147,2.071489975753841,2.071489975753841,0.0555188096594605,1.5163018791592366,10.0,1.0
148,2.068409577130625,2.068409577130625,0.05532854823549768,1.5151240947756486,10.0,1.0
149,2.068406698979489,2.068406698979489,0.0553284374722079,1.5151223242574106,10.0,1.0
150,2.069733767958213,2.069733767958213,0.05533649540890636,1.5163688138691491,10.0,1.0
151,2.0684134616968244,2.0684134616968244,0.05532838297719122,1.5151296319249123,10.0,1.0
152,2.0684023433037977,2.0684023433037977,0.05532842241430711,1.515118119160727,10.0,1.0
153,2.068402813166318,2.068402813166318,0.0553284568836134,1.515118244330184,10.0,1.0
154,2.068399133156528,2.068399133156528,0.055328424157102825,1.5151148915854995,10.0,1.0
155,2.0683992008310015,2.0683992008310015,0.055328622629286894,1.5151129745381329,10.0,1.0
156,2.0683959804814136,2.0683959804814136,0.05532850424543278,1.5151109380270855,10.0,1.0
157,2.0683987767579173,2.0683987767579173,0.055328413893124574,1.5151146378266713,10.0,1.0
158,2.0683914258805287,2.0683914258805287,0.05532837889172849,1.5151076369632441,10.0,1.0
159,2.068396748575959,2.068396748575959,0.055329359029243116,1.5151031582835275,10.0,1.0
160,2.0683850462070112,2.0683850462070112,0.05532838282656888,1.5151012179413221,10.0,1.0
161,2.068383359724146,2.068383359724146,0.05532846783879214,1.5150986813362244,10.0,1.0
162,2.0683838444943565,2.0683838444943565,0.05532856526887144,1.5150981918056423,10.0,1.0
163,2.0683765035361215,2.0683765035361215,0.05532844187550306,1.515092084781091,10.0,1.0
164,2.0683729202961048,2.0683729202961048,0.05532836374103721,1.5150892828857325,10.0,1.0
165,2.0683829054641665,2.0683829054641665,0.05532905955324488,1.5150923099317175,10.0,1.0
166,2.068371934364431,2.068371934364431,0.055328397897403396,1.515087955390397,10.0,1.0
167,2.0686393248571395,2.0686393248571395,0.05532845698933408,1.5153547549637993,10.0,1.0
168,2.0950676832930863,2.0950676832930863,0.05534185754323566,1.5416491078607293,10.0,1.0
169,68.82644918887767,68.82644918887767,0.22134669875841556,66.61298220129352,10.0,1.0
170,3300989.288801206,3300989.288801206,256.64278324310715,3298422.8609687747,10.0,1.0
171,2.641893241317648e+21,2.641893241317648e+21,3.6091595938962724e+18,2.605801645378685e+21,10.0,1.0
172,2.3530516814321097e+25,2.3530516814321097e+25,3.2145659614461856e+22,2.3209060218176477e+25,10.0,1.0
173,2.5724602964778233e+25,2.5724602964778233e+25,6.5127040246577055e+22,2.5073332562312463e+25,10.0,1.0
174,5.492894461025233e+26,5.492894461025233e+26,5.2489686100681744e+23,5.440404774924551e+26,10.0,1.0
175,1.214378644046373e+29,1.214378644046373e+29,2.2092641508836305e+26,1.192286002537537e+29,10.0,1.0
176,2.2282042526556517e+29,2.2282042526556517e+29,2.1016244456449e+27,2.0180418080911615e+29,10.0,1.0
177,1.2225454596967844e+30,1.2225454596967844e+30,1.1755828085309681e+29,4.696265116581608e+28,10.0,1.0
178,3.9672877666433516e+32,3.9672877666433516e+32,3.8915939874599543e+31,7.56937791833976e+30,10.0,1.0
179,2.681553658694586e+31,2.681553658694586e+31,2.5885321391199777e+30,9.302151957460897e+29,10.0,1.0
180,1.7039448113975454e+32,1.7039448113975454e+32,1.6697810216162093e+31,3.416378978133612e+30,10.0,1.0
181,2.1688544936776448e+33,2.1688544936776448e+33,2.1577494093607697e+32,1.1105084316875083e+31,10.0,1.0
182,3.7279898998315263e+31,3.7279898998315263e+31,3.265593666291791e+30,4.62396233539735e+30,10.0,1.0
183,3.393817175265042e+30,3.393817175265042e+30,1.7419318201568232e+27,3.3763978570634744e+30,10.0,1.0
184,1.6087335854058059e+32,1.6087335854058059e+32,1.5507204184830011e+31,5.801316692280496e+30,10.0,1.0
185,2.1106147738512197e+34,2.1106147738512197e+34,2.0831951656349893e+33,2.7419608216230306e+32,10.0,1.0
186,4.1958520779593596e+29,4.1958520779593596e+29,1.6395791356492472e+27,4.031894164394434e+29,10.0,1.0
187,2.2393502772249718e+29,2.2393502772249718e+29,3.1518187187893306e+27,1.9241684053460387e+29,10.0,1.0
188,1.193459705099138e+29,1.193459705099138e+29,1.1937544183699451e+27,1.0740842632621433e+29,10.0,1.0
189,5.540191860631734e+28,5.540191860631734e+28,6.892649320792618e+26,4.850926928552472e+28,10.0,1.0
190,1.4182362113463176e+27,1.4182362113463176e+27,8.18515288895607e+25,5.997209224507105e+26,10.0,1.0
191,5.499080368948137e+23,5.499080368948137e+23,1.1250360768029487e+21,5.386576761267842e+23,10.0,1.0
192,1.4520136544898417e+18,1.4520136544898417e+18,7.164152410476638e+16,7.355984134421778e+17,10.0,1.0
193,136238472507345.69,136238472507345.69,9207646188187.746,44162010625468.195,10.0,1.0
194,102668384.22063889,102668384.22063889,5403305.744396125,48635326.776677616,10.0,1.0
195,4.832087307401678,4.832087307401678,0.27341871889592556,2.097900118442422,10.0,1.0
196,5.326165870522196,5.326165870522196,0.3441959425950977,1.8842064445712199,10.0,1.0
197,2.5365129060899028,2.5365129060899028,0.057010996983203735,1.9664029362578659,10.0,1.0
198,2.536503619723019,2.536503619723019,0.0570110473030339,1.96639314669268,10.0,1.0
199,2.5364991791271696,2.5364991791271696,0.057011009009348426,1.9663890890336848,10.0,1.0
200,2.5364970388671795,2.5364970388671795,0.057010980498218206,1.9663872338849973,10.0,1.0
