step,loss,initial_loss,residual_loss
1,60.153142691678696,47.48344768682007,12.66969500485862
2,9.404412031160197,5.62493275080046,3.779479280359737
3,28.652482397561894,6.6439629277936865,22.008519469768206
4,24.90144942378493,11.593010060971276,13.308439362813647
5,6.706381083378884,3.826915441558762,2.879465641820122
6,12.728646868035355,1.093470698438977,11.63517616959638
7,88.7013692859914,5.381364730511316,83.32000455548008
8,66583941852.523964,66437823246.66093,146118605.86304438
9,821392575192.1019,813468588712.1078,7923986479.994015
10,699205365301.5077,669719938874.2313,29485426427.276596
11,11444027823.382496,47641795.36507987,11396386028.017418
12,455537171.0035984,429578537.72236323,25958633.281235266
13,751151264.9468743,25214191.030771032,725937073.9161032
14,897399886.4297293,854937765.7890419,42462120.64068762
15,253368639576.64886,112322146737.90846,141046492838.74042
16,39754136978.515305,35106244814.21829,4647892164.297005
17,4091082596.929402,30314834.633215133,4060767762.2961864
18,3610921921.668302,98144569.16562058,3512777352.502681
19,1742020602.6072683,749719324.5454967,992301278.0617715
20,74328135.28543858,63658171.96295679,10669963.32248178
21,5507742.759043383,4392.776613264956,5503349.982430118
22,2855759.9480014415,4234.464526324859,2851525.4834751165
23,13151.46709209554,12805.748052880324,345.71903921521726
24,4.17503519427781,0.49523203331670934,3.6798031609611015
25,2.3201443473009045,0.49040771536717837,1.8297366319337254
26,9.06758340643621,0.5342213576509058,8.533362048785305
27,686.2821907476864,609.4745539175187,76.80763683016771
28,121.09024204962557,103.73188240731939,17.358359642306212
29,19.148884115411736,12.328709894603518,6.820174220808224
30,2.3277134378482685,0.4806376187445759,1.8470758191036925
31,2.3271605995932116,0.47978990127829724,1.8473706983149143
32,2.3263394320262067,0.47652216382129475,1.849817268204912
33,204.04999589430537,20.432568768278276,183.61742712602708
34,8941937908.628742,1848338060.7671893,7093599847.861553
35,7351600410.550908,5325229192.566617,2026371217.9842925
36,265494807511.43304,205916778722.25378,59578028789.17923
37,2106204040.3013132,1525639355.9016702,580564684.3996427
38,145349952289.1827,72635825264.758,72714127024.42471
39,488068767.04306144,353540121.35741824,134528645.68564326
40,2939147965.306211,2128231467.8671865,810916497.4390242
41,112859323.80609213,26108371.81535964,86750951.99073252
42,8111913.269648585,34748.40081168627,8077164.868836897
43,6784825.861244684,1031.7596072945194,6783794.101637389
44,62302817.021592855,260900.38404126448,62041916.63755158
45,22937635.557832208,96040.53795804582,22841595.019874167
46,87659.89779992809,20006.819373359212,67653.07842656887
47,1747262.8228212348,54897.311875159416,1692365.5109460754
48,69551384.14014012,3747961.7811347665,65803422.35900535
49,146048293183.1242,4589697372.637288,141458595810.48694
50,93100608457.4626,2925776508.048922,90174831949.41367
51,2962823798278398.5,93109527562692.6,2869714270715706.5
52,11453713106711.295,322942985382.0306,11130770121329.264
53,6636022005937.242,1716683866286.63,4919338139650.612
54,317420485118109.94,9975236213800.47,307445248904309.44
55,9243997080352.992,290501352705.5122,8953495727647.48
56,18238977771.135334,573185888.050332,17665791883.085
57,30.406996662004666,1.500261845379007,28.906734816625658
58,2.3634148916832807,0.5183206398768341,1.8450942518064468
59,2.3633903553296944,0.5183119899104771,1.8450783654192173
60,2.3633847154431034,0.5183077573194289,1.8450769581236741
61,2.3724163564698033,0.518330315044869,1.854086041424934
62,2.363379989590509,0.5182945624118809,1.845085427178628
63,2.374867650753768,0.5194893031898925,1.855378347563875
64,2.5198925510649812,0.5690340400467921,1.9508585110181889
65,1363728.1336382944,107608.87808151051,1256119.2555567839
66,23791841547.1108,517317465.74612063,23274524081.36469
67,247619725990069.72,49534268022605.78,198085457967463.9
68,6083471536009240.0,73485511261935.27,6009986024747304.0
69,758499181298630.9,162159619557798.56,596339561740832.5
70,2681074693998123.0,405475755182906.0,2275598938815217.0
71,2.8926874339972772e+16,403025140579436.5,2.8523849199393336e+16
72,2.2127108095920534e+17,3154802646816024.5,2.181162783123893e+17
73,9.962456940213216e+16,1.0098273863371312e+16,8.952629553876085e+16
74,4.319079312342779e+17,5.610902202819635e+16,3.7579890920608154e+17
75,3.2487418711811953e+18,4.882130266997735e+16,3.199920568511218e+18
76,4.4670227788005966e+19,9.184978503652262e+17,4.375172993764074e+19
77,4.810053077197867e+17,1.2922084370165411e+17,3.517844640181325e+17
78,5.189494758377663e+17,1.1084685182904254e+16,5.078647906548621e+17
79,3.2647327855212755e+17,1051737548430575.0,3.2542154100369696e+17
80,1.1400634959614257e+19,1.1500063770123338e+18,1.0250628582601925e+19
81,8.53486322983687e+19,3.016767992678051e+18,8.233186430569064e+19
82,1.7333898971369705e+18,1.7485073812596032e+17,1.55853915901101e+18
83,1.3409813231554595e+19,1.3526764788329216e+18,1.2057136752721674e+19
84,2.120895144121021e+19,3.451812433446226e+18,1.775713900776398e+19
85,1.7878398048365348e+18,5.105783826085023e+17,1.2772614222280325e+18
86,1.5070169000199064e+19,6.551537701525169e+17,1.4415015230046546e+19
87,7.583833751374197e+18,1897212618120910.8,7.581936538756076e+18
88,1.1379223693136006e+18,2.578360457354693e+17,8.800863235781315e+17
89,4.320361487384426e+18,1.4823680145178609e+18,2.837993472866565e+18
90,9.119060550905717e+18,1.614564567124833e+17,8.957604094193234e+18
91,1.5667531679842388e+18,8.887718095642758e+16,1.4778759870278113e+18
92,2.7052766758189245e+17,3.2651022320865004e+16,2.3787664526102746e+17
93,1.3715467047686931e+17,9067363552525834.0,1.2808730692434346e+17
94,4.214329887206019e+16,8195211174495478.0,3.394808769756472e+16
95,2.1422832610367044e+16,5409307198645290.0,1.6013525411721754e+16
96,1.7750238292726272e+18,1.8094867509564694e+17,1.59407515417698e+18
97,1.2626519052313067e+17,7680683361756867.0,1.1858450716137382e+17
98,1.6495225686370195e+17,1.0302479594207708e+16,1.5464977726949424e+17
99,3.0363490319018332e+16,926601130944454.8,2.9436889188073876e+16
100,9.020090476908282e+16,161130404838254.16,9.003977436424454e+16
101,3.5894165665723132e+16,3648754489761776.5,3.2245411175961356e+16
102,9.018273851319112e+16,1.3699417612153704e+16,7.64833209010374e+16
103,8.306723771816035e+16,1.7052802517589174e+16,6.6014435200571176e+16
104,5.37513637246348e+16,45588116406631.92,5.370577560822817e+16
105,2.684391035039516e+18,7.062876056274158e+17,1.9781034294121006e+18
106,5.629095804810908e+17,2.9102651813063692e+16,5.3380692866802714e+17
107,8.045491526700982e+17,6.155117250332109e+16,7.429979801667771e+17
108,6379932654688854.0,341990643024362.06,6037942011664492.0
109,6642490142439131.0,143436442145840.25,6499053700293290.0
110,7645768418865253.0,51853627469085.23,7593914791396168.0
111,3.2878457712393624e+16,9799481173895450.0,2.3078976538498176e+16
112,6799550671215336.0,1072993185947399.2,5726557485267937.0
113,4992668285357642.0,21639403830399.79,4971028881527242.0
114,2087059776207239.2,43635066234550.37,2043424709972689.0
115,16352918746021.654,483854258055.5362,15869064487966.12
116,6796949838983.334,42272132655.08028,6754677706328.251
117,6550392888722.9375,4554219841.141923,6545838668881.794
118,6377919365307.685,17526711500.90417,6360392653806.778
119,5394261814728.599,142638678349.112,5251623136379.487
120,4711832157684.155,95960606893.42311,4615871550790.733
121,1007300821262073.5,24578395561.60793,1007276242866511.9
122,5157745783733.982,66423563506.782814,5091322220227.2
123,4098594551627.1694,46045148229.63987,4052549403397.531
124,1006566648238102.5,25056706595.593197,1006541591531507.0
125,969335042819292.1,315172821490.03253,969019869997802.2
126,7627935048339.48,290217749919.26874,7337717298420.209
127,24209490200958.94,2621602532347.0317,21587887668611.914
128,2.796216890684614e+18,2.82060364834852e+17,2.5141565258497623e+18
129,1.873735456091696e+17,5.502487890285184e+16,1.3234866670631774e+17
130,6.077837238511831e+16,1.6109836061664476e+16,4.466853632345383e+16
131,2.6257119804761133e+17,2.6486117112039956e+16,2.3608508093557136e+17
132,7.74228169444588e+17,2.847086200425784e+16,7.457573074403302e+17
133,3.748942450189065e+16,1779736139159927.0,3.570968836273072e+16
134,1.732918704976943e+17,1802371053631673.0,1.7148949944406262e+17
135,6.532500196967378e+16,374218800894293.1,6.495078316877949e+16
136,5.625749443561449e+16,2118847111606257.0,5.413864732400823e+16
137,4.8430050523577624e+16,131159757611978.3,4.829889076596564e+16
138,4.746000307559523e+16,882514168494056.8,4.6577488907101176e+16
139,3969188551377424.0,63469243493299.44,3905719307884124.0
140,2758383712537727.5,9257208186682.795,2749126504351044.5
141,4.302068617509002e+16,47402496396865.03,4.2973283678693144e+16
142,9.648894370733982e+16,7219760039876723.0,8.926918366746309e+16
143,3.6973191766183144e+16,369166650726822.9,3.660402511545632e+16
144,2.960280668976521e+16,104151869454168.7,2.949865482031104e+16
145,2.19382204438443e+16,859828406714560.0,2.107839203712974e+16
146,1.1335538242149272e+16,691804011719600.6,1.064373423042967e+16
147,8056536199718124.0,1174818444337036.8,6881717755381087.0
148,1.1091765918423324e+16,2820604228389674.0,8271161690033649.0
149,9324569650642566.0,320483342468172.6,9004086308174394.0
150,5895568932430417.0,9117921986742.658,5886451010443674.0
151,9699363585088972.0,483844395888887.6,9215519189200084.0
152,8561283519516084.0,195145713718583.44,8366137805797500.0
153,9845847293110398.0,94791595200938.55,9751055697909460.0
154,7541185774904070.0,59908915728180.28,7481276859175890.0
155,1.1543164814732674e+16,175939882114788.84,1.1367224932617884e+16
156,8818377012647098.0,529062445286187.06,8289314567360910.0
157,2004408558084162.0,51207081990750.61,1953201476093411.2
158,953865396651879.9,55632062332222.51,898233334319657.5
159,1886293258646832.8,25105379014979.246,1861187879631853.0
160,1345018237017485.0,39493279437475.45,1305524957580009.5
161,426805060929552.0,14123517000333.418,412681543929218.6
162,97030483457909.52,880200939221.472,96150282518688.05
163,31678275285147.695,662263722739.5172,31016011562408.18
164,2686412432647.0254,20397209497.731857,2666015223149.2935
165,7827466858.783023,365517343.24679327,7461949515.536229
166,392365116.6562356,5529090.51266337,386836026.1435722
167,2690771.346368474,54494.529188017084,2636276.8171804566
168,279.03261642701517,2.7991361062272357,276.233480320788
169,2.599036081538989,0.678123886146381,1.9209121953926072
170,2.578847247578433,0.683534347131704,1.8953129004467286
171,2.5788448096156755,0.6836048068361389,1.8952400027795364
172,2.578884768855703,0.6836039095997554,1.8952808592559478
173,2.5788501474829126,0.6836048513242625,1.8952452961586495
174,2.57884204316225,0.6836048516593455,1.8952371915029045
175,2.5788416549472073,0.6836039672192828,1.8952376877279236
176,2.578840695932766,0.6836036770953293,1.8952370188374363
177,2.5788404315542666,0.6836035814453553,1.8952368501089112
178,2.578840121893785,0.683603664869276,1.8952364570245086
179,2.5788402255941474,0.6836030735101558,1.8952371520839921
180,2.5788397700730257,0.683603663169679,1.8952361069033465
181,2.578839328857013,0.6836035011991143,1.895235827657899
182,2.5790754088385186,0.683598241083834,1.8954771677546847
183,2.5788894212231472,0.6836031946828527,1.8952862265402939
184,2.578839180231754,0.6836032123548782,1.8952359678768755
185,2.5788526925834065,0.6836024204270439,1.8952502721563624
186,2.578838282731746,0.6836025064869931,1.8952357762447534
187,2.579341444042533,0.6836021183098397,1.8957393257326933
188,2.578839230442315,0.683602184577918,1.895237045864397
189,2.5788372709338008,0.6836020651767393,1.8952352057570614
190,2.5788404308701023,0.6836012687279467,1.8952391621421552
191,2.5788366552696704,0.6836018916310393,1.8952347636386302
192,2.5788362875981687,0.6836017034913311,1.8952345841068376
193,53.805723874244194,0.7431409755672823,53.06258289867691
194,2.5788353896109415,0.6836013777141454,1.8952340118967959
195,2.578835162889733,0.6836012042983964,1.8952339585913363
196,2.5788348217927752,0.6836011177478636,1.895233704044911
197,2.5788344468293496,0.6836010311753802,1.8952334156539692
198,2.578841617882986,0.6836005991242993,1.8952410187586861
199,2.57883545585218,0.6836008521243264,1.8952346037278531
200,2.5788334360292646,0.6836006470364622,1.8952327889928018
201,2.5788357476788906,0.6836004764936484,1.8952352711852418
202,2.578855774133239,0.6836001685870463,1.8952556055461927
203,2.578832395329359,0.6836008715506882,1.895231523778671
204,2.5788376103599804,0.6836010050988697,1.8952366052611103
205,2.5788338366190824,0.683600196603543,1.8952336400155394
206,2.578836439794589,0.6836008611701574,1.895235578624431
207,2.5788316617850597,0.6836005549607761,1.8952311068242842
208,2.5788312675482015,0.6836005175974593,1.8952307499507415
209,2.5788337745856804,0.6836001688257971,1.895233605759883
210,2.5788309808587564,0.6836004305272606,1.8952305503314948
211,2.5788307083134083,0.6836003736158045,1.8952303346976027
212,2.5788304300351474,0.6836005110655818,1.8952299189695656
213,2.5788302742607034,0.6836004906804236,1.8952297835802794
214,2.578829885231394,0.6836004588832882,1.8952294263481055
215,2.5788297093055728,0.6836003272277277,1.8952293820778447
216,2.578829962969515,0.6835997614582996,1.8952302015112152
217,2.5788291870602422,0.6835997628367579,1.8952294242234844
218,4.02280462191064,0.686462311733772,3.336342310176869
219,2.5822912653136654,0.6836028170345492,1.8986884482791162
220,2.883970374586392,0.6839816695677761,2.199988705018616
221,84.35928242141756,0.804463548192112,83.55481887322541
222,16352352.600277148,33092.09954497894,16319260.500732172
223,122488798742.84578,247885917.22824928,122240912825.61754
224,2290871079513656.0,4636137726125.666,2286234941787530.0
225,4.97811091504644e+16,176707280406142.94,4.9604401870058264e+16
226,5.23771689960098e+18,1.0599800767381804e+16,5.227117098833598e+18
227,1.8467736318341724e+18,3737397979989245.0,1.843036233854183e+18
228,1042398500350.4453,2109548351.0115821,1040288951999.434
229,2.578847244521344,0.6836213694993077,1.895225875022037
230,2.5788471520854075,0.6836213438150779,1.8952258082703297
231,2.5788470398766306,0.6836211085415966,1.895225931335034
232,2.578846933273183,0.6836210910401376,1.8952258422330457
233,2.578846846620638,0.683620775631338,1.8952260709892996
234,2.5788467187899102,0.6836206871833626,1.8952260316065475
235,2.5788466504430296,0.6836205658401281,1.8952260846029012
236,2.5788466058135473,0.6836203921158258,1.8952262136977214
237,2.5788466653007105,0.6836202510387974,1.895226414261913
238,2.5788466072227396,0.6836202959272858,1.8952263112954537
239,2.5788465286481386,0.6836203307382759,1.895226197909862
240,2.5788466918402486,0.6836203058481374,1.8952263859921117
241,2.57884637098875,0.6836202712843165,1.8952260997044335
242,3.4003678043786345,0.6862792440172187,2.714088560361416
243,2.578846171772837,0.68362005330469,1.895226118468147
244,2.578845736476069,0.6836199835183889,1.8952257529576797
245,2.578845433479357,0.6836197619427518,1.8952256715366058
246,2.578845196705001,0.6836197379551621,1.8952254587498378
247,2.578844949744529,0.6836196145928259,1.8952253351517032
248,2.5788447775012746,0.6836195494125866,1.8952252280886877
249,2.578847707022612,0.6836194646093857,1.8952282424132263
250,2.579037567154364,0.6836193629989866,1.895418204155377
251,2.5788445097550268,0.6836189170303458,1.8952255927246802
252,2.5788454619636445,0.6836187483135638,1.895226713650081
253,2.5788443274762343,0.6836187360336103,1.895225591442624
254,2.5788442821654955,0.683618697571295,1.8952255845941999
255,2.5788442855163116,0.6836182140807504,1.8952260714355615
256,2.5788441424866524,0.6836183413433919,1.8952258011432606
257,2.5788482929159993,0.6836191469594078,1.8952291459565913
258,2.5788454733118567,0.6836183406630941,1.8952271326487624
259,2.578857280535285,0.6836198838784209,1.8952373966568639
260,2.5788441737815138,0.6836183367721358,1.8952258370093782
261,2.578843962393982,0.6836184435824069,1.8952255188115747
262,2.5788437867012437,0.6836187461225808,1.8952250405786626
263,2.578843674138757,0.6836189072849456,1.8952247668538111
264,2.578843821385717,0.6836190269086331,1.8952247944770841
265,2.578843583203137,0.6836190221397774,1.8952245610633593
266,2.578843534864354,0.6836190483009777,1.8952244865633765
267,2.5788434203358013,0.6836189833143672,1.8952244370214348
268,2.5788433617337305,0.68361895538085,1.8952244063528803
269,2.578843268892027,0.6836190281110038,1.8952242407810227
270,2.5788433189154563,0.6836190050446719,1.895224313870784
271,2.5788431430718175,0.6836190038488312,1.895224139222986
272,2.578843020331054,0.6836190425082538,1.8952239778228002
273,2.5788429578500907,0.6836191819049061,1.8952237759451842
274,2.5788428757844715,0.6836191776456674,1.8952236981388038
275,2.5788428508865002,0.6836192499423867,1.8952236009441135
276,2.5788428262342227,0.6836193514870145,1.895223474747208
277,2.578847468073186,0.6836196509688465,1.8952278171043395
278,2.5788868027838077,0.6836198289083125,1.8952669738754955
279,2.5788427384556964,0.6836194443466138,1.8952232941090819
280,2.578842644857038,0.6836194480006204,1.8952231968564175
281,2.578842597051134,0.6836192694367709,1.8952233276143633
282,2.578842497218968,0.6836193024304328,1.8952231947885354
283,2.5788423445170876,0.6836190888949294,1.8952232556221587
284,2.578842285097952,0.6836189339392567,1.8952233511586953
285,2.5788442140889574,0.6836188170575904,1.8952253970313664
286,2.578842208081322,0.6836188744118451,1.8952233336694768
287,2.5788420548435984,0.6836188361302797,1.8952232187133182
288,2.578841964737018,0.6836187809530537,1.8952231837839646
289,2.5788417841899394,0.6836186978560255,1.895223086333914
290,2.578841556041929,0.6836186589214048,1.8952228971205245
291,2.578846652065266,0.6836198371986252,1.8952268148666411
292,2.578841354527764,0.6836187105004313,1.8952226440273328
293,2.578841257068388,0.6836189908791258,1.895222266189262
294,2.5788413114427584,0.6836188073773758,1.8952225040653823
295,2.578840990316233,0.6836186489734652,1.8952223413427682
296,2.578841013925684,0.6836185912363254,1.895222422689358
297,2.578840903088754,0.6836184980123268,1.8952224050764273
298,2.5788408521182604,0.6836184261818238,1.8952224259364367
299,2.5788414621911704,0.6836185611625686,1.8952229010286021
300,2.578840740333034,0.6836183607235549,1.8952223796094791
301,2.578840700199385,0.6836183298906151,1.8952223703087705
302,2.5788409626478557,0.6836188357828,1.8952221268650553
303,2.5788406566429627,0.6836183196925125,1.89522233695045
304,2.5788405852649623,0.6836183071610425,1.8952222781039194
305,2.5788405714326785,0.6836182619732125,1.8952223094594662
306,2.578840518356119,0.6836179845467255,1.8952225338093933
307,2.578840353634435,0.6836175754346547,1.89522277819978
308,2.5788401475178007,0.6836176561255517,1.895222491392249
309,2.578840199892588,0.683617432889478,1.89522276700311
310,2.5788399359071588,0.683617187103126,1.8952227488040325
311,2.578839720854569,0.683616434680063,1.8952232861745053
312,2.578839629676764,0.6836163362856513,1.8952232933911128
313,2.5788395234086083,0.6836163872941603,1.8952231361144483
314,2.5788393946015957,0.6836163316807782,1.8952230629208175
315,2.5788393599793253,0.6836162945693078,1.8952230654100182
316,2.578840363944025,0.6836169024204595,1.8952234615235652
317,2.5788393101595712,0.6836163118398982,1.8952229983196724
318,2.578839306660662,0.683616297715447,1.8952230089452144
319,2.57883928114283,0.6836161863625122,1.895223094780317
320,2.578839196744777,0.683615955645584,1.8952232410991932
321,2.5788389501331204,0.6836158664654252,1.8952230836676953
322,2.578838970748716,0.6836161232763334,1.8952228474723818
323,2.5788387373450377,0.6836159127448488,1.8952228246001892
324,2.5788386640137033,0.6836160124450723,1.8952226515686312
325,2.5788385990485154,0.6836160476995451,1.89522255134897
326,2.578838577345684,0.6836159898698029,1.8952225874758808
327,2.5788384647568976,0.6836156894417276,1.8952227753151702
328,2.5788383237092307,0.6836150698632432,1.8952232538459879
329,2.5788382705590767,0.6836146676552235,1.8952236029038534
330,2.578838246021445,0.6836146723437357,1.8952235736777092
331,2.5788382386724287,0.6836145747388295,1.8952236639335993
332,2.5788382198946067,0.6836144338824858,1.8952237860121206
333,2.5788381158153197,0.6836138520137363,1.8952242638015835
334,2.5788383621762017,0.6836135531845337,1.8952248089916681
335,2.578850547021255,0.683613204417669,1.895237342603586
336,2.578840780841595,0.683614428973132,1.8952263518684627
337,2.578847851058215,0.6836152078828656,1.8952326431753495
338,2.5788536718910517,0.6836137777784616,1.89523989411259
339,2.5788373626204417,0.6836136421729858,1.8952237204474562
340,2.5788368383843414,0.6836136207308434,1.895223217653498
341,2.5788364762108658,0.6836135194419451,1.8952229567689214
342,2.578836179609368,0.6836136458302374,1.8952225337791304
343,2.578836160280373,0.6836136267447039,1.895222533535669
344,2.5788361581706067,0.6836136363019076,1.8952225218686989
345,2.5788361508358917,0.6836136484285799,1.8952225024073117
346,2.578836105979478,0.6836137316587684,1.8952223743207097
347,2.578835993860497,0.6836137642289597,1.8952222296315373
348,2.578835675257151,0.6836136039967562,1.8952220712603947
349,2.5788361490528007,0.6836134046141118,1.8952227444386887
350,2.5788402717977577,0.6836133747682402,1.8952268970295176
351,2.5788438722786027,0.6836137433440433,1.895230128934559
352,2.5789980001243116,0.683613808221059,1.8953841919032528
353,2.5788364823173966,0.6836140106968014,1.8952224716205948
354,2.578835923409169,0.6836137948273568,1.8952221285818114
355,2.578835826307502,0.6836136449836465,1.8952221813238557
356,2.5788357562381248,0.6836135525008669,1.895222203737258
357,2.5788357409002485,0.6836135481970678,1.89522219270318
358,2.5788356860869146,0.6836135592629066,1.8952221268240081
359,2.578835543838575,0.6836135939014949,1.89522194993708
360,2.5788354205683457,0.6836135198101334,1.895221900758212
361,2.5788353882929367,0.6836135024249068,1.8952218858680303
362,2.578835318185591,0.6836135329906989,1.8952217851948918
363,2.5788352548315197,0.6836136138232796,1.89522164100824
364,2.5788352328835753,0.6836136190571755,1.8952216138263995
365,2.5788352235073893,0.683613640270911,1.8952215832364783
366,2.578835214574516,0.6836136223215735,1.895221592252942
367,2.5788351997692667,0.6836135629901093,1.895221636779157
368,2.578835196742546,0.6836135365597851,1.8952216601827607
369,2.5788351856883467,0.6836135074854368,1.8952216782029094
370,2.5788351352944705,0.6836134541077254,1.8952216811867444
371,2.5788349745661314,0.6836134751011579,1.895221499464973
372,2.5788355196129786,0.6836136840546103,1.8952218355583685
373,2.5788348977504625,0.6836135156555321,1.8952213820949309
374,2.5788348587577703,0.6836135360112781,1.8952213227464918
375,2.578834810318707,0.683613521538025,1.8952212887806816
376,2.578834767898661,0.6836134794362004,1.8952212884624604
377,2.578834696069287,0.6836134904225498,1.8952212056467366
378,2.578834679494981,0.6836134932373912,1.8952211862575894
379,2.578834748730628,0.6836134925206406,1.8952212562099868
380,2.5788346558745583,0.6836134914018405,1.8952211644727177
381,2.5788346492907652,0.6836134901171175,1.8952211591736474
382,2.578834728701845,0.6836134908502863,1.8952212378515585
383,2.5788346334207346,0.6836134896810517,1.8952211437396829
384,2.5788346259011137,0.6836134907078447,1.8952211351932693
385,2.578834627056292,0.6836134994415627,1.8952211276147295
386,2.578834610863051,0.6836134946076072,1.8952211162554433
387,2.5788346031275284,0.6836134971521333,1.8952211059753952
388,2.5788345939407424,0.6836134985726896,1.8952210953680526
389,2.5788345870563485,0.6836134971365482,1.8952210899197999
390,2.578834579198008,0.6836134920049887,1.895221087193019
391,2.5788346032026963,0.6836134667989802,1.895221136403716
392,2.578834566925839,0.6836134817539009,1.8952210851719378
393,2.578834557854922,0.6836134502300061,1.8952211076249155
394,2.578834536240907,0.6836134531861319,1.895221083054775
395,2.578834529969639,0.6836134592676048,1.8952210707020343
396,2.5788344981262803,0.6836134718575423,1.8952210262687386
397,2.578834457583761,0.6836134481887263,1.895221009395035
398,2.5788343521855293,0.6836133736838838,1.8952209785016456
399,2.57883419653771,0.6836132436696113,1.895220952868098
400,2.5788340802682033,0.6836131587126592,1.895220921555544
401,2.578834033625835,0.6836131357943726,1.8952208978314626
402,2.5788340154387623,0.683613126198089,1.895220889240673
403,2.5788340047650053,0.683613120501573,1.895220884263432
404,2.57883399923587,0.6836131049692102,1.8952208942666593
405,2.578833998387488,0.6836131008689071,1.8952208975185807
406,2.578833998074052,0.6836130998957505,1.8952208981783016
407,2.578833997375437,0.6836131025754747,1.8952208947999623
408,2.578833994479032,0.6836131107920105,1.8952208836870212
409,2.578833983589966,0.6836131328661591,1.8952208507238069
410,2.5788339795288198,0.6836131363886596,1.8952208431401598
411,2.5788339674654073,0.6836131114324852,1.8952208560329213
412,2.578833963880436,0.6836131124038692,1.8952208514765667
413,2.578833956883956,0.6836131090296326,1.8952208478543233
414,2.5788339519915375,0.6836131040572329,1.895220847934305
415,2.578836073404203,0.6836131333089318,1.8952229400952714
416,2.5788339488852143,0.6836131046931169,1.895220844192097
417,2.5788339589873415,0.6836131119017875,1.895220847085554
418,2.578833939982788,0.6836131049507612,1.8952208350320268
419,2.5788339374605953,0.6836130996292445,1.8952208378313506
420,2.578833936071061,0.6836130963504522,1.8952208397206087
421,2.578833934273008,0.6836130974290675,1.89522083684394
422,2.578833929881283,0.6836130986377029,1.89522083124358
423,2.578833938053793,0.6836131038547991,1.8952208341989936
424,2.5788339277207353,0.6836130995854961,1.8952208281352387
425,2.5788339265637648,0.6836130983195717,1.8952208282441934
426,2.5788339254709483,0.6836130959508264,1.8952208295201216
427,2.5788339249163332,0.6836130953463939,1.8952208295699393
428,2.5788339244249636,0.6836130955021247,1.8952208289228392
429,2.578833924136382,0.6836130947450038,1.8952208293913781
430,2.5788339237927165,0.6836130950090167,1.8952208287836996
431,2.578833923645858,0.6836130952300076,1.8952208284158498
432,2.5788339234784043,0.6836130952898671,1.8952208281885368
433,2.578833923320322,0.6836130953458306,1.8952208279744918
434,2.5788339231716733,0.6836130953586437,1.8952208278130291
435,2.578833923066305,0.6836130953550833,1.895220827711222
436,2.5788339229611945,0.6836130953515255,1.8952208276096685
437,2.5788339228563375,0.6836130953479702,1.8952208275083675
438,2.5788339227517354,0.6836130953444173,1.8952208274073177
439,2.5788339226473855,0.683613095340867,1.8952208273065185
440,2.578833922543288,0.6836130953373192,1.8952208272059687
441,2.5788339224394417,0.6836130953337738,1.8952208271056674
442,2.5788339223358445,0.6836130953302307,1.895220827005614
443,2.5788339222324974,0.6836130953266902,1.8952208269058068
444,2.5788339221293977,0.6836130953231518,1.8952208268062458
445,2.5788339220265453,0.683613095319616,1.8952208267069293
446,2.578833921923939,0.6836130953160822,1.8952208266078565
447,2.578833921821578,0.6836130953125508,1.895220826509027
448,2.578833921719461,0.6836130953090215,1.8952208264104393
449,2.578833921617587,0.6836130953054943,1.8952208263120927
450,2.5788339215159555,0.6836130953019693,1.8952208262139862
451,2.578833921414565,0.6836130952984465,1.8952208261161188
452,2.5788339213134153,0.6836130952949254,1.8952208260184895
453,2.5788339212125044,0.6836130952914066,1.8952208259210976
454,2.5788339211118325,0.6836130952878896,1.8952208258239427
455,2.5788339210113973,0.6836130952843746,1.8952208257270222
456,2.5788339209111992,0.6836130952808613,1.8952208256303373
457,2.578833920811236,0.6836130952773501,1.8952208255338854
458,2.5788339207115074,0.6836130952738406,1.8952208254376666
459,2.5788339206120123,0.6836130952703329,1.8952208253416793
460,2.57883392051275,0.6836130952668268,1.8952208252459228
461,2.57883392041372,0.6836130952633225,1.895220825150397
462,2.5788339203149193,0.6836130952598198,1.8952208250550995
463,2.5788339202163497,0.6836130952563186,1.8952208249600306
464,2.5788339201180084,0.6836130952528192,1.8952208248651892
465,2.578833920019895,0.6836130952493212,1.8952208247705735
466,2.5788339199220087,0.6836130952458248,1.8952208246761837
467,2.578833919824348,0.6836130952423298,1.895220824582018
468,2.578833919726913,0.6836130952388362,1.8952208244880766
469,2.5788339196297017,0.6836130952353442,1.8952208243943574
470,2.578833919532714,0.6836130952318535,1.8952208243008601
471,2.578833919435948,0.6836130952283642,1.8952208242075834
472,2.578833919339404,0.6836130952248766,1.8952208241145272
473,2.57883391924308,0.6836130952213904,1.8952208240216897
474,2.578833919146976,0.6836130952179059,1.8952208239290698
475,2.5788339190510903,0.683613095214423,1.8952208238366668
476,2.5788339189554224,0.6836130952109426,1.8952208237444796
477,2.578833918859971,0.6836130952074646,1.8952208236525063
478,2.5788339187647358,0.68361309520399,1.8952208235607457
479,2.578833918669716,0.6836130952005197,1.8952208234691958
480,2.57883391857491,0.6836130951970558,1.8952208233778538
481,2.578833918480317,0.6836130951936008,1.8952208232867163
482,2.5788339183859366,0.6836130951901589,1.8952208231957774
483,2.578833918311749,0.6836130951883811,1.8952208231233676
484,2.5788339182576836,0.6836130951887831,1.8952208230689
485,2.5788339182037343,0.6836130951891772,1.895220823014557
486,2.578833918149901,0.6836130951895631,1.8952208229603378
487,2.5788339180961826,0.6836130951899411,1.8952208229062413
488,2.5788339180425788,0.683613095190311,1.8952208228522676
489,2.5788339179890896,0.683613095190673,1.8952208227984164
490,2.5788339179357145,0.6836130951910271,1.895220822744687
491,2.5788339178824513,0.683613095191373,1.8952208226910785
492,2.5788339178293023,0.6836130951917112,1.8952208226375904
493,2.5788339177762647,0.6836130951920413,1.895220822584223
494,2.5788339177233386,0.6836130951923636,1.895220822530975
495,2.5788339176705244,0.6836130951926778,1.8952208224778462
496,2.5788339176178203,0.6836130951929842,1.8952208224248361
497,2.5788339175652273,0.6836130951932827,1.895220822371944
498,2.578833917512743,0.6836130951935732,1.8952208223191696
499,2.5788339174603685,0.683613095193856,1.8952208222665121
500,2.5788339174081027,0.6836130951941308,1.8952208222139717
