step,training_schedule,active_mode,loss,weighted_loss,initial_loss,residual_loss,initial_weight,residual_weight
1,joint,-1,435.29930050546096,435.29930050546096,370.1298239813234,65.16947652413761,1.0,1.0
2,joint,-1,47.62979615533728,47.62979615533728,30.219890260506745,17.40990589483054,1.0,1.0
3,joint,-1,28.265151313215366,28.265151313215366,8.556361217884023,19.70879009533134,1.0,1.0
4,joint,-1,23.534132196753173,23.534132196753173,4.12912635363377,19.4050058431194,1.0,1.0
5,joint,-1,33.22146753501131,33.22146753501131,16.75666373176882,16.464803803242486,1.0,1.0
6,joint,-1,80.9173466996831,80.9173466996831,2.613085975851607,78.30426072383149,1.0,1.0
7,joint,-1,665.1984740005154,665.1984740005154,30.26626298448264,634.9322110160327,1.0,1.0
8,joint,-1,554866182085.4298,554866182085.4298,553648527048.8046,1217655036.6252756,1.0,1.0
9,joint,-1,6844938126584.191,6844938126584.191,6778904905927.355,66033220656.83597,1.0,1.0
10,joint,-1,5826711377500.654,5826711377500.654,5580999490613.876,245711886886.77866,1.0,1.0
11,joint,-1,95366898516.00227,95366898516.00227,397014951.8871744,94969883564.11511,1.0,1.0
12,joint,-1,3796143065.7973723,3796143065.7973723,3579821122.0954804,216321943.70189133,1.0,1.0
13,joint,-1,6259593862.514127,6259593862.514127,210118252.63829207,6049475609.875834,1.0,1.0
14,joint,-1,7478332379.787581,7478332379.787581,7124481376.954002,353851002.8335784,1.0,1.0
15,joint,-1,2111405329800.8008,2111405329800.8008,936017889481.4415,1175387440319.3594,1.0,1.0
16,joint,-1,331284474816.7659,331284474816.7659,292552040116.9018,38732434699.86419,1.0,1.0
17,joint,-1,34092354970.384613,34092354970.384613,252623621.8390669,33839731348.545547,1.0,1.0
18,joint,-1,30091016011.06947,30091016011.06947,817871409.5311786,29273144601.53829,1.0,1.0
19,joint,-1,14516838352.921288,14516838352.921288,6247661037.25858,8269177315.662707,1.0,1.0
20,joint,-1,619400429.6211745,619400429.6211745,530484754.40142345,88915675.21975109,1.0,1.0
21,joint,-1,45897855.44177949,45897855.44177949,36606.28926082007,45861249.15251867,1.0,1.0
22,joint,-1,23797999.20410912,23797999.20410912,35287.11157450682,23762712.092534617,1.0,1.0
23,joint,-1,109595.23097590654,109595.23097590654,106714.54446045042,2880.686515456128,1.0,1.0
24,joint,-1,34.67345713342053,34.67345713342053,4.104785902530464,30.56867123089006,1.0,1.0
25,joint,-1,19.23938509622192,19.23938509622192,4.0691200028867,15.170265093335217,1.0,1.0
26,joint,-1,75.49383498461553,75.49383498461553,4.436609566957894,71.05722541765765,1.0,1.0
27,joint,-1,5718.965319046433,5718.965319046433,5078.938462607445,640.0268564389888,1.0,1.0
28,joint,-1,1009.0430074786042,1009.0430074786042,864.4175081243519,144.6254993542523,1.0,1.0
29,joint,-1,159.5425215951054,159.5425215951054,102.72555682059264,56.81696477451277,1.0,1.0
30,joint,-1,19.369153007190736,19.369153007190736,3.9917311165603118,15.377421890630425,1.0,1.0
31,joint,-1,19.368979216254765,19.368979216254765,3.986027217665225,15.38295199858954,1.0,1.0
32,joint,-1,19.367651371429222,19.367651371429222,3.958765698802982,15.40888567262624,1.0,1.0
33,joint,-1,1700.3954111847597,1700.3954111847597,170.25843542799478,1530.1369757567652,1.0,1.0
34,joint,-1,74516149238.5534,74516149238.5534,15402817173.048887,59113332065.50452,1.0,1.0
35,joint,-1,61263336754.57531,61263336754.57531,44376909938.045944,16886426816.52936,1.0,1.0
36,joint,-1,2212456729261.9253,2212456729261.9253,1715973156018.7727,496483573243.1526,1.0,1.0
37,joint,-1,17551700332.63676,17551700332.63676,12713661299.168724,4838039033.4680395,1.0,1.0
38,joint,-1,1211249602279.3389,1211249602279.3389,605298543872.5302,605951058406.8086,1.0,1.0
39,joint,-1,4066941692.9933763,4066941692.9933763,2946167496.753878,1120774196.2394986,1.0,1.0
40,joint,-1,24484041159.116364,24484041159.116364,17735142818.98915,6748898340.127209,1.0,1.0
41,joint,-1,298328416.44827926,298328416.44827926,216144193.4973198,82184222.95095949,1.0,1.0
42,joint,-1,9310.928695770635,9310.928695770635,6595.636169197551,2715.292526573085,1.0,1.0
43,joint,-1,19.370566072697738,19.370566072697738,4.092509441634243,15.278056631063494,1.0,1.0
44,joint,-1,19.36934343590848,19.36934343590848,4.004713171767382,15.364630264141098,1.0,1.0
45,joint,-1,19.36934343590848,19.36934343590848,4.004713171767382,15.364630264141098,1.0,1.0
46,joint,-1,19.36934343590848,19.36934343590848,4.004713171767382,15.364630264141098,1.0,1.0
47,joint,-1,19.36934343590848,19.36934343590848,4.004713171767382,15.364630264141098,1.0,1.0
48,joint,-1,19.36934343590848,19.36934343590848,4.004713171767382,15.364630264141098,1.0,1.0
49,joint,-1,19.36934343590848,19.36934343590848,4.004713171767382,15.364630264141098,1.0,1.0
50,joint,-1,19.36934343590848,19.36934343590848,4.004713171767382,15.364630264141098,1.0,1.0
51,joint,-1,19.36934343590848,19.36934343590848,4.004713171767382,15.364630264141098,1.0,1.0
52,joint,-1,19.36934343590848,19.36934343590848,4.004713171767382,15.364630264141098,1.0,1.0
53,joint,-1,19.36934343590848,19.36934343590848,4.004713171767382,15.364630264141098,1.0,1.0
54,joint,-1,19.36934343590848,19.36934343590848,4.004713171767382,15.364630264141098,1.0,1.0
55,joint,-1,19.36934343590848,19.36934343590848,4.004713171767382,15.364630264141098,1.0,1.0
56,joint,-1,19.36934343590848,19.36934343590848,4.004713171767382,15.364630264141098,1.0,1.0
57,joint,-1,19.36934343590848,19.36934343590848,4.004713171767382,15.364630264141098,1.0,1.0
58,joint,-1,19.36934343590848,19.36934343590848,4.004713171767382,15.364630264141098,1.0,1.0
59,joint,-1,19.36934343590848,19.36934343590848,4.004713171767382,15.364630264141098,1.0,1.0
60,joint,-1,19.36934343590848,19.36934343590848,4.004713171767382,15.364630264141098,1.0,1.0
61,joint,-1,19.36934343590848,19.36934343590848,4.004713171767382,15.364630264141098,1.0,1.0
62,joint,-1,19.36934343590848,19.36934343590848,4.004713171767382,15.364630264141098,1.0,1.0
63,joint,-1,19.36934343590848,19.36934343590848,4.004713171767382,15.364630264141098,1.0,1.0
64,joint,-1,19.36934343590848,19.36934343590848,4.004713171767382,15.364630264141098,1.0,1.0
65,joint,-1,19.36934343590848,19.36934343590848,4.004713171767382,15.364630264141098,1.0,1.0
66,joint,-1,19.36934343590848,19.36934343590848,4.004713171767382,15.364630264141098,1.0,1.0
67,joint,-1,19.36934343590848,19.36934343590848,4.004713171767382,15.364630264141098,1.0,1.0
68,joint,-1,19.36934343590848,19.36934343590848,4.004713171767382,15.364630264141098,1.0,1.0
69,joint,-1,19.36934343590848,19.36934343590848,4.004713171767382,15.364630264141098,1.0,1.0
70,joint,-1,19.36934343590848,19.36934343590848,4.004713171767382,15.364630264141098,1.0,1.0
71,joint,-1,19.36934343590848,19.36934343590848,4.004713171767382,15.364630264141098,1.0,1.0
72,joint,-1,19.36934343590848,19.36934343590848,4.004713171767382,15.364630264141098,1.0,1.0
73,joint,-1,19.36934343590848,19.36934343590848,4.004713171767382,15.364630264141098,1.0,1.0
74,joint,-1,19.36934343590848,19.36934343590848,4.004713171767382,15.364630264141098,1.0,1.0
75,joint,-1,19.36934343590848,19.36934343590848,4.004713171767382,15.364630264141098,1.0,1.0
76,joint,-1,19.36934343590848,19.36934343590848,4.004713171767382,15.364630264141098,1.0,1.0
77,joint,-1,19.36934343590848,19.36934343590848,4.004713171767382,15.364630264141098,1.0,1.0
78,joint,-1,19.36934343590848,19.36934343590848,4.004713171767382,15.364630264141098,1.0,1.0
79,joint,-1,19.36934343590848,19.36934343590848,4.004713171767382,15.364630264141098,1.0,1.0
80,joint,-1,19.36934343590848,19.36934343590848,4.004713171767382,15.364630264141098,1.0,1.0
81,joint,-1,19.36934343590848,19.36934343590848,4.004713171767382,15.364630264141098,1.0,1.0
82,joint,-1,19.36934343590848,19.36934343590848,4.004713171767382,15.364630264141098,1.0,1.0
83,joint,-1,19.36934343590848,19.36934343590848,4.004713171767382,15.364630264141098,1.0,1.0
84,joint,-1,19.36934343590848,19.36934343590848,4.004713171767382,15.364630264141098,1.0,1.0
85,joint,-1,19.36934343590848,19.36934343590848,4.004713171767382,15.364630264141098,1.0,1.0
86,joint,-1,19.36934343590848,19.36934343590848,4.004713171767382,15.364630264141098,1.0,1.0
87,joint,-1,19.36934343590848,19.36934343590848,4.004713171767382,15.364630264141098,1.0,1.0
88,joint,-1,19.36934343590848,19.36934343590848,4.004713171767382,15.364630264141098,1.0,1.0
89,joint,-1,19.36934343590848,19.36934343590848,4.004713171767382,15.364630264141098,1.0,1.0
90,joint,-1,19.36934343590848,19.36934343590848,4.004713171767382,15.364630264141098,1.0,1.0
91,joint,-1,19.36934343590848,19.36934343590848,4.004713171767382,15.364630264141098,1.0,1.0
92,joint,-1,19.36934343590848,19.36934343590848,4.004713171767382,15.364630264141098,1.0,1.0
93,joint,-1,19.36934343590848,19.36934343590848,4.004713171767382,15.364630264141098,1.0,1.0
94,joint,-1,19.36934343590848,19.36934343590848,4.004713171767382,15.364630264141098,1.0,1.0
95,joint,-1,19.36934343590848,19.36934343590848,4.004713171767382,15.364630264141098,1.0,1.0
96,joint,-1,19.36934343590848,19.36934343590848,4.004713171767382,15.364630264141098,1.0,1.0
97,joint,-1,19.36934343590848,19.36934343590848,4.004713171767382,15.364630264141098,1.0,1.0
98,joint,-1,19.36934343590848,19.36934343590848,4.004713171767382,15.364630264141098,1.0,1.0
99,joint,-1,19.36934343590848,19.36934343590848,4.004713171767382,15.364630264141098,1.0,1.0
100,joint,-1,19.36934343590848,19.36934343590848,4.004713171767382,15.364630264141098,1.0,1.0
101,joint,-1,19.36934343590848,19.36934343590848,4.004713171767382,15.364630264141098,1.0,1.0
102,joint,-1,19.36934343590848,19.36934343590848,4.004713171767382,15.364630264141098,1.0,1.0
103,joint,-1,19.36934343590848,19.36934343590848,4.004713171767382,15.364630264141098,1.0,1.0
104,joint,-1,19.36934343590848,19.36934343590848,4.004713171767382,15.364630264141098,1.0,1.0
105,joint,-1,19.36934343590848,19.36934343590848,4.004713171767382,15.364630264141098,1.0,1.0
106,joint,-1,19.36934343590848,19.36934343590848,4.004713171767382,15.364630264141098,1.0,1.0
107,joint,-1,19.36934343590848,19.36934343590848,4.004713171767382,15.364630264141098,1.0,1.0
108,joint,-1,19.36934343590848,19.36934343590848,4.004713171767382,15.364630264141098,1.0,1.0
109,joint,-1,19.36934343590848,19.36934343590848,4.004713171767382,15.364630264141098,1.0,1.0
110,joint,-1,19.36934343590848,19.36934343590848,4.004713171767382,15.364630264141098,1.0,1.0
111,joint,-1,19.36934343590848,19.36934343590848,4.004713171767382,15.364630264141098,1.0,1.0
112,joint,-1,19.36934343590848,19.36934343590848,4.004713171767382,15.364630264141098,1.0,1.0
113,joint,-1,19.36934343590848,19.36934343590848,4.004713171767382,15.364630264141098,1.0,1.0
114,joint,-1,19.36934343590848,19.36934343590848,4.004713171767382,15.364630264141098,1.0,1.0
115,joint,-1,19.36934343590848,19.36934343590848,4.004713171767382,15.364630264141098,1.0,1.0
116,joint,-1,19.36934343590848,19.36934343590848,4.004713171767382,15.364630264141098,1.0,1.0
117,joint,-1,19.36934343590848,19.36934343590848,4.004713171767382,15.364630264141098,1.0,1.0
118,joint,-1,19.36934343590848,19.36934343590848,4.004713171767382,15.364630264141098,1.0,1.0
119,joint,-1,19.36934343590848,19.36934343590848,4.004713171767382,15.364630264141098,1.0,1.0
120,joint,-1,19.36934343590848,19.36934343590848,4.004713171767382,15.364630264141098,1.0,1.0
121,joint,-1,19.36934343590848,19.36934343590848,4.004713171767382,15.364630264141098,1.0,1.0
122,joint,-1,19.36934343590848,19.36934343590848,4.004713171767382,15.364630264141098,1.0,1.0
123,joint,-1,19.36934343590848,19.36934343590848,4.004713171767382,15.364630264141098,1.0,1.0
124,joint,-1,19.36934343590848,19.36934343590848,4.004713171767382,15.364630264141098,1.0,1.0
125,joint,-1,19.36934343590848,19.36934343590848,4.004713171767382,15.364630264141098,1.0,1.0
126,joint,-1,19.36934343590848,19.36934343590848,4.004713171767382,15.364630264141098,1.0,1.0
127,joint,-1,19.36934343590848,19.36934343590848,4.004713171767382,15.364630264141098,1.0,1.0
128,joint,-1,19.36934343590848,19.36934343590848,4.004713171767382,15.364630264141098,1.0,1.0
129,joint,-1,19.36934343590848,19.36934343590848,4.004713171767382,15.364630264141098,1.0,1.0
130,joint,-1,19.36934343590848,19.36934343590848,4.004713171767382,15.364630264141098,1.0,1.0
131,joint,-1,19.36934343590848,19.36934343590848,4.004713171767382,15.364630264141098,1.0,1.0
132,joint,-1,19.36934343590848,19.36934343590848,4.004713171767382,15.364630264141098,1.0,1.0
133,joint,-1,19.36934343590848,19.36934343590848,4.004713171767382,15.364630264141098,1.0,1.0
134,joint,-1,19.36934343590848,19.36934343590848,4.004713171767382,15.364630264141098,1.0,1.0
135,joint,-1,19.36934343590848,19.36934343590848,4.004713171767382,15.364630264141098,1.0,1.0
136,joint,-1,19.36934343590848,19.36934343590848,4.004713171767382,15.364630264141098,1.0,1.0
137,joint,-1,19.36934343590848,19.36934343590848,4.004713171767382,15.364630264141098,1.0,1.0
138,joint,-1,19.36934343590848,19.36934343590848,4.004713171767382,15.364630264141098,1.0,1.0
139,joint,-1,19.36934343590848,19.36934343590848,4.004713171767382,15.364630264141098,1.0,1.0
140,joint,-1,19.36934343590848,19.36934343590848,4.004713171767382,15.364630264141098,1.0,1.0
141,joint,-1,19.36934343590848,19.36934343590848,4.004713171767382,15.364630264141098,1.0,1.0
142,joint,-1,19.36934343590848,19.36934343590848,4.004713171767382,15.364630264141098,1.0,1.0
143,joint,-1,19.36934343590848,19.36934343590848,4.004713171767382,15.364630264141098,1.0,1.0
144,joint,-1,19.36934343590848,19.36934343590848,4.004713171767382,15.364630264141098,1.0,1.0
145,joint,-1,19.36934343590848,19.36934343590848,4.004713171767382,15.364630264141098,1.0,1.0
146,joint,-1,19.36934343590848,19.36934343590848,4.004713171767382,15.364630264141098,1.0,1.0
147,joint,-1,19.36934343590848,19.36934343590848,4.004713171767382,15.364630264141098,1.0,1.0
148,joint,-1,19.36934343590848,19.36934343590848,4.004713171767382,15.364630264141098,1.0,1.0
149,joint,-1,19.36934343590848,19.36934343590848,4.004713171767382,15.364630264141098,1.0,1.0
150,joint,-1,19.36934343590848,19.36934343590848,4.004713171767382,15.364630264141098,1.0,1.0
151,joint,-1,19.36934343590848,19.36934343590848,4.004713171767382,15.364630264141098,1.0,1.0
152,joint,-1,19.36934343590848,19.36934343590848,4.004713171767382,15.364630264141098,1.0,1.0
153,joint,-1,19.36934343590848,19.36934343590848,4.004713171767382,15.364630264141098,1.0,1.0
154,joint,-1,19.36934343590848,19.36934343590848,4.004713171767382,15.364630264141098,1.0,1.0
155,joint,-1,19.36934343590848,19.36934343590848,4.004713171767382,15.364630264141098,1.0,1.0
156,joint,-1,19.36934343590848,19.36934343590848,4.004713171767382,15.364630264141098,1.0,1.0
157,joint,-1,19.36934343590848,19.36934343590848,4.004713171767382,15.364630264141098,1.0,1.0
158,joint,-1,19.36934343590848,19.36934343590848,4.004713171767382,15.364630264141098,1.0,1.0
159,joint,-1,19.36934343590848,19.36934343590848,4.004713171767382,15.364630264141098,1.0,1.0
160,joint,-1,19.36934343590848,19.36934343590848,4.004713171767382,15.364630264141098,1.0,1.0
161,joint,-1,19.36934343590848,19.36934343590848,4.004713171767382,15.364630264141098,1.0,1.0
162,joint,-1,19.36934343590848,19.36934343590848,4.004713171767382,15.364630264141098,1.0,1.0
163,joint,-1,19.36934343590848,19.36934343590848,4.004713171767382,15.364630264141098,1.0,1.0
164,joint,-1,19.36934343590848,19.36934343590848,4.004713171767382,15.364630264141098,1.0,1.0
165,joint,-1,19.36934343590848,19.36934343590848,4.004713171767382,15.364630264141098,1.0,1.0
166,joint,-1,19.36934343590848,19.36934343590848,4.004713171767382,15.364630264141098,1.0,1.0
167,joint,-1,19.36934343590848,19.36934343590848,4.004713171767382,15.364630264141098,1.0,1.0
168,joint,-1,19.36934343590848,19.36934343590848,4.004713171767382,15.364630264141098,1.0,1.0
169,joint,-1,19.36934343590848,19.36934343590848,4.004713171767382,15.364630264141098,1.0,1.0
170,joint,-1,19.36934343590848,19.36934343590848,4.004713171767382,15.364630264141098,1.0,1.0
171,joint,-1,19.36934343590848,19.36934343590848,4.004713171767382,15.364630264141098,1.0,1.0
172,joint,-1,19.36934343590848,19.36934343590848,4.004713171767382,15.364630264141098,1.0,1.0
173,joint,-1,19.36934343590848,19.36934343590848,4.004713171767382,15.364630264141098,1.0,1.0
174,joint,-1,19.36934343590848,19.36934343590848,4.004713171767382,15.364630264141098,1.0,1.0
175,joint,-1,19.36934343590848,19.36934343590848,4.004713171767382,15.364630264141098,1.0,1.0
176,joint,-1,19.36934343590848,19.36934343590848,4.004713171767382,15.364630264141098,1.0,1.0
177,joint,-1,19.36934343590848,19.36934343590848,4.004713171767382,15.364630264141098,1.0,1.0
178,joint,-1,19.36934343590848,19.36934343590848,4.004713171767382,15.364630264141098,1.0,1.0
179,joint,-1,19.36934343590848,19.36934343590848,4.004713171767382,15.364630264141098,1.0,1.0
180,joint,-1,19.36934343590848,19.36934343590848,4.004713171767382,15.364630264141098,1.0,1.0
181,joint,-1,19.36934343590848,19.36934343590848,4.004713171767382,15.364630264141098,1.0,1.0
182,joint,-1,19.36934343590848,19.36934343590848,4.004713171767382,15.364630264141098,1.0,1.0
183,joint,-1,19.36934343590848,19.36934343590848,4.004713171767382,15.364630264141098,1.0,1.0
184,joint,-1,19.36934343590848,19.36934343590848,4.004713171767382,15.364630264141098,1.0,1.0
185,joint,-1,19.36934343590848,19.36934343590848,4.004713171767382,15.364630264141098,1.0,1.0
186,joint,-1,19.36934343590848,19.36934343590848,4.004713171767382,15.364630264141098,1.0,1.0
187,joint,-1,19.36934343590848,19.36934343590848,4.004713171767382,15.364630264141098,1.0,1.0
188,joint,-1,19.36934343590848,19.36934343590848,4.004713171767382,15.364630264141098,1.0,1.0
189,joint,-1,19.36934343590848,19.36934343590848,4.004713171767382,15.364630264141098,1.0,1.0
190,joint,-1,19.36934343590848,19.36934343590848,4.004713171767382,15.364630264141098,1.0,1.0
191,joint,-1,19.36934343590848,19.36934343590848,4.004713171767382,15.364630264141098,1.0,1.0
192,joint,-1,19.36934343590848,19.36934343590848,4.004713171767382,15.364630264141098,1.0,1.0
193,joint,-1,19.36934343590848,19.36934343590848,4.004713171767382,15.364630264141098,1.0,1.0
194,joint,-1,19.36934343590848,19.36934343590848,4.004713171767382,15.364630264141098,1.0,1.0
195,joint,-1,19.36934343590848,19.36934343590848,4.004713171767382,15.364630264141098,1.0,1.0
196,joint,-1,19.36934343590848,19.36934343590848,4.004713171767382,15.364630264141098,1.0,1.0
197,joint,-1,19.36934343590848,19.36934343590848,4.004713171767382,15.364630264141098,1.0,1.0
198,joint,-1,19.36934343590848,19.36934343590848,4.004713171767382,15.364630264141098,1.0,1.0
199,joint,-1,19.36934343590848,19.36934343590848,4.004713171767382,15.364630264141098,1.0,1.0
200,joint,-1,19.36934343590848,19.36934343590848,4.004713171767382,15.364630264141098,1.0,1.0
201,joint,-1,19.36934343590848,19.36934343590848,4.004713171767382,15.364630264141098,1.0,1.0
202,joint,-1,19.36934343590848,19.36934343590848,4.004713171767382,15.364630264141098,1.0,1.0
203,joint,-1,19.36934343590848,19.36934343590848,4.004713171767382,15.364630264141098,1.0,1.0
204,joint,-1,19.36934343590848,19.36934343590848,4.004713171767382,15.364630264141098,1.0,1.0
205,joint,-1,19.36934343590848,19.36934343590848,4.004713171767382,15.364630264141098,1.0,1.0
206,joint,-1,19.36934343590848,19.36934343590848,4.004713171767382,15.364630264141098,1.0,1.0
207,joint,-1,19.36934343590848,19.36934343590848,4.004713171767382,15.364630264141098,1.0,1.0
208,joint,-1,19.36934343590848,19.36934343590848,4.004713171767382,15.364630264141098,1.0,1.0
209,joint,-1,19.36934343590848,19.36934343590848,4.004713171767382,15.364630264141098,1.0,1.0
210,joint,-1,19.36934343590848,19.36934343590848,4.004713171767382,15.364630264141098,1.0,1.0
211,joint,-1,19.36934343590848,19.36934343590848,4.004713171767382,15.364630264141098,1.0,1.0
212,joint,-1,19.36934343590848,19.36934343590848,4.004713171767382,15.364630264141098,1.0,1.0
213,joint,-1,19.36934343590848,19.36934343590848,4.004713171767382,15.364630264141098,1.0,1.0
214,joint,-1,19.36934343590848,19.36934343590848,4.004713171767382,15.364630264141098,1.0,1.0
215,joint,-1,19.36934343590848,19.36934343590848,4.004713171767382,15.364630264141098,1.0,1.0
216,joint,-1,19.36934343590848,19.36934343590848,4.004713171767382,15.364630264141098,1.0,1.0
217,joint,-1,19.36934343590848,19.36934343590848,4.004713171767382,15.364630264141098,1.0,1.0
218,joint,-1,19.36934343590848,19.36934343590848,4.004713171767382,15.364630264141098,1.0,1.0
219,joint,-1,19.36934343590848,19.36934343590848,4.004713171767382,15.364630264141098,1.0,1.0
220,joint,-1,19.36934343590848,19.36934343590848,4.004713171767382,15.364630264141098,1.0,1.0
221,joint,-1,19.36934343590848,19.36934343590848,4.004713171767382,15.364630264141098,1.0,1.0
222,joint,-1,19.36934343590848,19.36934343590848,4.004713171767382,15.364630264141098,1.0,1.0
223,joint,-1,19.36934343590848,19.36934343590848,4.004713171767382,15.364630264141098,1.0,1.0
224,joint,-1,19.36934343590848,19.36934343590848,4.004713171767382,15.364630264141098,1.0,1.0
225,joint,-1,19.36934343590848,19.36934343590848,4.004713171767382,15.364630264141098,1.0,1.0
226,joint,-1,19.36934343590848,19.36934343590848,4.004713171767382,15.364630264141098,1.0,1.0
227,joint,-1,19.36934343590848,19.36934343590848,4.004713171767382,15.364630264141098,1.0,1.0
228,joint,-1,19.36934343590848,19.36934343590848,4.004713171767382,15.364630264141098,1.0,1.0
229,joint,-1,19.36934343590848,19.36934343590848,4.004713171767382,15.364630264141098,1.0,1.0
230,joint,-1,19.36934343590848,19.36934343590848,4.004713171767382,15.364630264141098,1.0,1.0
231,joint,-1,19.36934343590848,19.36934343590848,4.004713171767382,15.364630264141098,1.0,1.0
232,joint,-1,19.36934343590848,19.36934343590848,4.004713171767382,15.364630264141098,1.0,1.0
233,joint,-1,19.36934343590848,19.36934343590848,4.004713171767382,15.364630264141098,1.0,1.0
234,joint,-1,19.36934343590848,19.36934343590848,4.004713171767382,15.364630264141098,1.0,1.0
235,joint,-1,19.36934343590848,19.36934343590848,4.004713171767382,15.364630264141098,1.0,1.0
236,joint,-1,19.36934343590848,19.36934343590848,4.004713171767382,15.364630264141098,1.0,1.0
237,joint,-1,19.36934343590848,19.36934343590848,4.004713171767382,15.364630264141098,1.0,1.0
238,joint,-1,19.36934343590848,19.36934343590848,4.004713171767382,15.364630264141098,1.0,1.0
239,joint,-1,19.36934343590848,19.36934343590848,4.004713171767382,15.364630264141098,1.0,1.0
240,joint,-1,19.36934343590848,19.36934343590848,4.004713171767382,15.364630264141098,1.0,1.0
241,joint,-1,19.36934343590848,19.36934343590848,4.004713171767382,15.364630264141098,1.0,1.0
242,joint,-1,19.36934343590848,19.36934343590848,4.004713171767382,15.364630264141098,1.0,1.0
243,joint,-1,19.36934343590848,19.36934343590848,4.004713171767382,15.364630264141098,1.0,1.0
244,joint,-1,19.36934343590848,19.36934343590848,4.004713171767382,15.364630264141098,1.0,1.0
245,joint,-1,19.36934343590848,19.36934343590848,4.004713171767382,15.364630264141098,1.0,1.0
246,joint,-1,19.36934343590848,19.36934343590848,4.004713171767382,15.364630264141098,1.0,1.0
247,joint,-1,19.36934343590848,19.36934343590848,4.004713171767382,15.364630264141098,1.0,1.0
248,joint,-1,19.36934343590848,19.36934343590848,4.004713171767382,15.364630264141098,1.0,1.0
249,joint,-1,19.36934343590848,19.36934343590848,4.004713171767382,15.364630264141098,1.0,1.0
250,joint,-1,19.36934343590848,19.36934343590848,4.004713171767382,15.364630264141098,1.0,1.0
251,joint,-1,19.36934343590848,19.36934343590848,4.004713171767382,15.364630264141098,1.0,1.0
252,joint,-1,19.36934343590848,19.36934343590848,4.004713171767382,15.364630264141098,1.0,1.0
253,joint,-1,19.36934343590848,19.36934343590848,4.004713171767382,15.364630264141098,1.0,1.0
254,joint,-1,19.36934343590848,19.36934343590848,4.004713171767382,15.364630264141098,1.0,1.0
255,joint,-1,19.36934343590848,19.36934343590848,4.004713171767382,15.364630264141098,1.0,1.0
256,joint,-1,19.36934343590848,19.36934343590848,4.004713171767382,15.364630264141098,1.0,1.0
257,joint,-1,19.36934343590848,19.36934343590848,4.004713171767382,15.364630264141098,1.0,1.0
258,joint,-1,19.36934343590848,19.36934343590848,4.004713171767382,15.364630264141098,1.0,1.0
259,joint,-1,19.36934343590848,19.36934343590848,4.004713171767382,15.364630264141098,1.0,1.0
260,joint,-1,19.36934343590848,19.36934343590848,4.004713171767382,15.364630264141098,1.0,1.0
261,joint,-1,19.36934343590848,19.36934343590848,4.004713171767382,15.364630264141098,1.0,1.0
262,joint,-1,19.36934343590848,19.36934343590848,4.004713171767382,15.364630264141098,1.0,1.0
263,joint,-1,19.36934343590848,19.36934343590848,4.004713171767382,15.364630264141098,1.0,1.0
264,joint,-1,19.36934343590848,19.36934343590848,4.004713171767382,15.364630264141098,1.0,1.0
265,joint,-1,19.36934343590848,19.36934343590848,4.004713171767382,15.364630264141098,1.0,1.0
266,joint,-1,19.36934343590848,19.36934343590848,4.004713171767382,15.364630264141098,1.0,1.0
267,joint,-1,19.36934343590848,19.36934343590848,4.004713171767382,15.364630264141098,1.0,1.0
268,joint,-1,19.36934343590848,19.36934343590848,4.004713171767382,15.364630264141098,1.0,1.0
269,joint,-1,19.36934343590848,19.36934343590848,4.004713171767382,15.364630264141098,1.0,1.0
270,joint,-1,19.36934343590848,19.36934343590848,4.004713171767382,15.364630264141098,1.0,1.0
271,joint,-1,19.36934343590848,19.36934343590848,4.004713171767382,15.364630264141098,1.0,1.0
272,joint,-1,19.36934343590848,19.36934343590848,4.004713171767382,15.364630264141098,1.0,1.0
273,joint,-1,19.36934343590848,19.36934343590848,4.004713171767382,15.364630264141098,1.0,1.0
274,joint,-1,19.36934343590848,19.36934343590848,4.004713171767382,15.364630264141098,1.0,1.0
275,joint,-1,19.36934343590848,19.36934343590848,4.004713171767382,15.364630264141098,1.0,1.0
276,joint,-1,19.36934343590848,19.36934343590848,4.004713171767382,15.364630264141098,1.0,1.0
277,joint,-1,19.36934343590848,19.36934343590848,4.004713171767382,15.364630264141098,1.0,1.0
278,joint,-1,19.36934343590848,19.36934343590848,4.004713171767382,15.364630264141098,1.0,1.0
279,joint,-1,19.36934343590848,19.36934343590848,4.004713171767382,15.364630264141098,1.0,1.0
280,joint,-1,19.36934343590848,19.36934343590848,4.004713171767382,15.364630264141098,1.0,1.0
281,joint,-1,19.36934343590848,19.36934343590848,4.004713171767382,15.364630264141098,1.0,1.0
282,joint,-1,19.36934343590848,19.36934343590848,4.004713171767382,15.364630264141098,1.0,1.0
283,joint,-1,19.36934343590848,19.36934343590848,4.004713171767382,15.364630264141098,1.0,1.0
284,joint,-1,19.36934343590848,19.36934343590848,4.004713171767382,15.364630264141098,1.0,1.0
285,joint,-1,19.36934343590848,19.36934343590848,4.004713171767382,15.364630264141098,1.0,1.0
286,joint,-1,19.36934343590848,19.36934343590848,4.004713171767382,15.364630264141098,1.0,1.0
287,joint,-1,19.36934343590848,19.36934343590848,4.004713171767382,15.364630264141098,1.0,1.0
288,joint,-1,19.36934343590848,19.36934343590848,4.004713171767382,15.364630264141098,1.0,1.0
289,joint,-1,19.36934343590848,19.36934343590848,4.004713171767382,15.364630264141098,1.0,1.0
290,joint,-1,19.36934343590848,19.36934343590848,4.004713171767382,15.364630264141098,1.0,1.0
291,joint,-1,19.36934343590848,19.36934343590848,4.004713171767382,15.364630264141098,1.0,1.0
292,joint,-1,19.36934343590848,19.36934343590848,4.004713171767382,15.364630264141098,1.0,1.0
293,joint,-1,19.36934343590848,19.36934343590848,4.004713171767382,15.364630264141098,1.0,1.0
294,joint,-1,19.36934343590848,19.36934343590848,4.004713171767382,15.364630264141098,1.0,1.0
295,joint,-1,19.36934343590848,19.36934343590848,4.004713171767382,15.364630264141098,1.0,1.0
296,joint,-1,19.36934343590848,19.36934343590848,4.004713171767382,15.364630264141098,1.0,1.0
297,joint,-1,19.36934343590848,19.36934343590848,4.004713171767382,15.364630264141098,1.0,1.0
298,joint,-1,19.36934343590848,19.36934343590848,4.004713171767382,15.364630264141098,1.0,1.0
299,joint,-1,19.36934343590848,19.36934343590848,4.004713171767382,15.364630264141098,1.0,1.0
300,joint,-1,19.36934343590848,19.36934343590848,4.004713171767382,15.364630264141098,1.0,1.0
301,joint,-1,19.36934343590848,19.36934343590848,4.004713171767382,15.364630264141098,1.0,1.0
302,joint,-1,19.36934343590848,19.36934343590848,4.004713171767382,15.364630264141098,1.0,1.0
303,joint,-1,19.36934343590848,19.36934343590848,4.004713171767382,15.364630264141098,1.0,1.0
304,joint,-1,19.36934343590848,19.36934343590848,4.004713171767382,15.364630264141098,1.0,1.0
305,joint,-1,19.36934343590848,19.36934343590848,4.004713171767382,15.364630264141098,1.0,1.0
306,joint,-1,19.36934343590848,19.36934343590848,4.004713171767382,15.364630264141098,1.0,1.0
307,joint,-1,19.36934343590848,19.36934343590848,4.004713171767382,15.364630264141098,1.0,1.0
308,joint,-1,19.36934343590848,19.36934343590848,4.004713171767382,15.364630264141098,1.0,1.0
309,joint,-1,19.36934343590848,19.36934343590848,4.004713171767382,15.364630264141098,1.0,1.0
310,joint,-1,19.36934343590848,19.36934343590848,4.004713171767382,15.364630264141098,1.0,1.0
311,joint,-1,19.36934343590848,19.36934343590848,4.004713171767382,15.364630264141098,1.0,1.0
312,joint,-1,19.36934343590848,19.36934343590848,4.004713171767382,15.364630264141098,1.0,1.0
313,joint,-1,19.36934343590848,19.36934343590848,4.004713171767382,15.364630264141098,1.0,1.0
314,joint,-1,19.36934343590848,19.36934343590848,4.004713171767382,15.364630264141098,1.0,1.0
315,joint,-1,19.36934343590848,19.36934343590848,4.004713171767382,15.364630264141098,1.0,1.0
316,joint,-1,19.36934343590848,19.36934343590848,4.004713171767382,15.364630264141098,1.0,1.0
317,joint,-1,19.36934343590848,19.36934343590848,4.004713171767382,15.364630264141098,1.0,1.0
318,joint,-1,19.36934343590848,19.36934343590848,4.004713171767382,15.364630264141098,1.0,1.0
319,joint,-1,19.36934343590848,19.36934343590848,4.004713171767382,15.364630264141098,1.0,1.0
320,joint,-1,19.36934343590848,19.36934343590848,4.004713171767382,15.364630264141098,1.0,1.0
321,joint,-1,19.36934343590848,19.36934343590848,4.004713171767382,15.364630264141098,1.0,1.0
322,joint,-1,19.36934343590848,19.36934343590848,4.004713171767382,15.364630264141098,1.0,1.0
323,joint,-1,19.36934343590848,19.36934343590848,4.004713171767382,15.364630264141098,1.0,1.0
324,joint,-1,19.36934343590848,19.36934343590848,4.004713171767382,15.364630264141098,1.0,1.0
325,joint,-1,19.36934343590848,19.36934343590848,4.004713171767382,15.364630264141098,1.0,1.0
326,joint,-1,19.36934343590848,19.36934343590848,4.004713171767382,15.364630264141098,1.0,1.0
327,joint,-1,19.36934343590848,19.36934343590848,4.004713171767382,15.364630264141098,1.0,1.0
328,joint,-1,19.36934343590848,19.36934343590848,4.004713171767382,15.364630264141098,1.0,1.0
329,joint,-1,19.36934343590848,19.36934343590848,4.004713171767382,15.364630264141098,1.0,1.0
330,joint,-1,19.36934343590848,19.36934343590848,4.004713171767382,15.364630264141098,1.0,1.0
331,joint,-1,19.36934343590848,19.36934343590848,4.004713171767382,15.364630264141098,1.0,1.0
332,joint,-1,19.36934343590848,19.36934343590848,4.004713171767382,15.364630264141098,1.0,1.0
333,joint,-1,19.36934343590848,19.36934343590848,4.004713171767382,15.364630264141098,1.0,1.0
334,joint,-1,19.36934343590848,19.36934343590848,4.004713171767382,15.364630264141098,1.0,1.0
335,joint,-1,19.36934343590848,19.36934343590848,4.004713171767382,15.364630264141098,1.0,1.0
336,joint,-1,19.36934343590848,19.36934343590848,4.004713171767382,15.364630264141098,1.0,1.0
337,joint,-1,19.36934343590848,19.36934343590848,4.004713171767382,15.364630264141098,1.0,1.0
338,joint,-1,19.36934343590848,19.36934343590848,4.004713171767382,15.364630264141098,1.0,1.0
339,joint,-1,19.36934343590848,19.36934343590848,4.004713171767382,15.364630264141098,1.0,1.0
340,joint,-1,19.36934343590848,19.36934343590848,4.004713171767382,15.364630264141098,1.0,1.0
341,joint,-1,19.36934343590848,19.36934343590848,4.004713171767382,15.364630264141098,1.0,1.0
342,joint,-1,19.36934343590848,19.36934343590848,4.004713171767382,15.364630264141098,1.0,1.0
343,joint,-1,19.36934343590848,19.36934343590848,4.004713171767382,15.364630264141098,1.0,1.0
344,joint,-1,19.36934343590848,19.36934343590848,4.004713171767382,15.364630264141098,1.0,1.0
345,joint,-1,19.36934343590848,19.36934343590848,4.004713171767382,15.364630264141098,1.0,1.0
346,joint,-1,19.36934343590848,19.36934343590848,4.004713171767382,15.364630264141098,1.0,1.0
347,joint,-1,19.36934343590848,19.36934343590848,4.004713171767382,15.364630264141098,1.0,1.0
348,joint,-1,19.36934343590848,19.36934343590848,4.004713171767382,15.364630264141098,1.0,1.0
349,joint,-1,19.36934343590848,19.36934343590848,4.004713171767382,15.364630264141098,1.0,1.0
350,joint,-1,19.36934343590848,19.36934343590848,4.004713171767382,15.364630264141098,1.0,1.0
351,joint,-1,19.36934343590848,19.36934343590848,4.004713171767382,15.364630264141098,1.0,1.0
352,joint,-1,19.36934343590848,19.36934343590848,4.004713171767382,15.364630264141098,1.0,1.0
353,joint,-1,19.36934343590848,19.36934343590848,4.004713171767382,15.364630264141098,1.0,1.0
354,joint,-1,19.36934343590848,19.36934343590848,4.004713171767382,15.364630264141098,1.0,1.0
355,joint,-1,19.36934343590848,19.36934343590848,4.004713171767382,15.364630264141098,1.0,1.0
356,joint,-1,19.36934343590848,19.36934343590848,4.004713171767382,15.364630264141098,1.0,1.0
357,joint,-1,19.36934343590848,19.36934343590848,4.004713171767382,15.364630264141098,1.0,1.0
358,joint,-1,19.36934343590848,19.36934343590848,4.004713171767382,15.364630264141098,1.0,1.0
359,joint,-1,19.36934343590848,19.36934343590848,4.004713171767382,15.364630264141098,1.0,1.0
360,joint,-1,19.36934343590848,19.36934343590848,4.004713171767382,15.364630264141098,1.0,1.0
361,joint,-1,19.36934343590848,19.36934343590848,4.004713171767382,15.364630264141098,1.0,1.0
362,joint,-1,19.36934343590848,19.36934343590848,4.004713171767382,15.364630264141098,1.0,1.0
363,joint,-1,19.36934343590848,19.36934343590848,4.004713171767382,15.364630264141098,1.0,1.0
364,joint,-1,19.36934343590848,19.36934343590848,4.004713171767382,15.364630264141098,1.0,1.0
365,joint,-1,19.36934343590848,19.36934343590848,4.004713171767382,15.364630264141098,1.0,1.0
366,joint,-1,19.36934343590848,19.36934343590848,4.004713171767382,15.364630264141098,1.0,1.0
367,joint,-1,19.36934343590848,19.36934343590848,4.004713171767382,15.364630264141098,1.0,1.0
368,joint,-1,19.36934343590848,19.36934343590848,4.004713171767382,15.364630264141098,1.0,1.0
369,joint,-1,19.36934343590848,19.36934343590848,4.004713171767382,15.364630264141098,1.0,1.0
370,joint,-1,19.36934343590848,19.36934343590848,4.004713171767382,15.364630264141098,1.0,1.0
371,joint,-1,19.36934343590848,19.36934343590848,4.004713171767382,15.364630264141098,1.0,1.0
372,joint,-1,19.36934343590848,19.36934343590848,4.004713171767382,15.364630264141098,1.0,1.0
373,joint,-1,19.36934343590848,19.36934343590848,4.004713171767382,15.364630264141098,1.0,1.0
374,joint,-1,19.36934343590848,19.36934343590848,4.004713171767382,15.364630264141098,1.0,1.0
375,joint,-1,19.36934343590848,19.36934343590848,4.004713171767382,15.364630264141098,1.0,1.0
376,joint,-1,19.36934343590848,19.36934343590848,4.004713171767382,15.364630264141098,1.0,1.0
377,joint,-1,19.36934343590848,19.36934343590848,4.004713171767382,15.364630264141098,1.0,1.0
378,joint,-1,19.36934343590848,19.36934343590848,4.004713171767382,15.364630264141098,1.0,1.0
379,joint,-1,19.36934343590848,19.36934343590848,4.004713171767382,15.364630264141098,1.0,1.0
380,joint,-1,19.36934343590848,19.36934343590848,4.004713171767382,15.364630264141098,1.0,1.0
381,joint,-1,19.36934343590848,19.36934343590848,4.004713171767382,15.364630264141098,1.0,1.0
382,joint,-1,19.36934343590848,19.36934343590848,4.004713171767382,15.364630264141098,1.0,1.0
383,joint,-1,19.36934343590848,19.36934343590848,4.004713171767382,15.364630264141098,1.0,1.0
384,joint,-1,19.36934343590848,19.36934343590848,4.004713171767382,15.364630264141098,1.0,1.0
385,joint,-1,19.36934343590848,19.36934343590848,4.004713171767382,15.364630264141098,1.0,1.0
386,joint,-1,19.36934343590848,19.36934343590848,4.004713171767382,15.364630264141098,1.0,1.0
387,joint,-1,19.36934343590848,19.36934343590848,4.004713171767382,15.364630264141098,1.0,1.0
388,joint,-1,19.36934343590848,19.36934343590848,4.004713171767382,15.364630264141098,1.0,1.0
389,joint,-1,19.36934343590848,19.36934343590848,4.004713171767382,15.364630264141098,1.0,1.0
390,joint,-1,19.36934343590848,19.36934343590848,4.004713171767382,15.364630264141098,1.0,1.0
391,joint,-1,19.36934343590848,19.36934343590848,4.004713171767382,15.364630264141098,1.0,1.0
392,joint,-1,19.36934343590848,19.36934343590848,4.004713171767382,15.364630264141098,1.0,1.0
393,joint,-1,19.36934343590848,19.36934343590848,4.004713171767382,15.364630264141098,1.0,1.0
394,joint,-1,19.36934343590848,19.36934343590848,4.004713171767382,15.364630264141098,1.0,1.0
395,joint,-1,19.36934343590848,19.36934343590848,4.004713171767382,15.364630264141098,1.0,1.0
396,joint,-1,19.36934343590848,19.36934343590848,4.004713171767382,15.364630264141098,1.0,1.0
397,joint,-1,19.36934343590848,19.36934343590848,4.004713171767382,15.364630264141098,1.0,1.0
398,joint,-1,19.36934343590848,19.36934343590848,4.004713171767382,15.364630264141098,1.0,1.0
399,joint,-1,19.36934343590848,19.36934343590848,4.004713171767382,15.364630264141098,1.0,1.0
400,joint,-1,19.36934343590848,19.36934343590848,4.004713171767382,15.364630264141098,1.0,1.0
401,joint,-1,19.36934343590848,19.36934343590848,4.004713171767382,15.364630264141098,1.0,1.0
402,joint,-1,19.36934343590848,19.36934343590848,4.004713171767382,15.364630264141098,1.0,1.0
403,joint,-1,19.36934343590848,19.36934343590848,4.004713171767382,15.364630264141098,1.0,1.0
404,joint,-1,19.36934343590848,19.36934343590848,4.004713171767382,15.364630264141098,1.0,1.0
405,joint,-1,19.36934343590848,19.36934343590848,4.004713171767382,15.364630264141098,1.0,1.0
406,joint,-1,19.36934343590848,19.36934343590848,4.004713171767382,15.364630264141098,1.0,1.0
407,joint,-1,19.36934343590848,19.36934343590848,4.004713171767382,15.364630264141098,1.0,1.0
408,joint,-1,19.36934343590848,19.36934343590848,4.004713171767382,15.364630264141098,1.0,1.0
409,joint,-1,19.36934343590848,19.36934343590848,4.004713171767382,15.364630264141098,1.0,1.0
410,joint,-1,19.36934343590848,19.36934343590848,4.004713171767382,15.364630264141098,1.0,1.0
411,joint,-1,19.36934343590848,19.36934343590848,4.004713171767382,15.364630264141098,1.0,1.0
412,joint,-1,19.36934343590848,19.36934343590848,4.004713171767382,15.364630264141098,1.0,1.0
413,joint,-1,19.36934343590848,19.36934343590848,4.004713171767382,15.364630264141098,1.0,1.0
414,joint,-1,19.36934343590848,19.36934343590848,4.004713171767382,15.364630264141098,1.0,1.0
415,joint,-1,19.36934343590848,19.36934343590848,4.004713171767382,15.364630264141098,1.0,1.0
416,joint,-1,19.36934343590848,19.36934343590848,4.004713171767382,15.364630264141098,1.0,1.0
417,joint,-1,19.36934343590848,19.36934343590848,4.004713171767382,15.364630264141098,1.0,1.0
418,joint,-1,19.36934343590848,19.36934343590848,4.004713171767382,15.364630264141098,1.0,1.0
419,joint,-1,19.36934343590848,19.36934343590848,4.004713171767382,15.364630264141098,1.0,1.0
420,joint,-1,19.36934343590848,19.36934343590848,4.004713171767382,15.364630264141098,1.0,1.0
421,joint,-1,19.36934343590848,19.36934343590848,4.004713171767382,15.364630264141098,1.0,1.0
422,joint,-1,19.36934343590848,19.36934343590848,4.004713171767382,15.364630264141098,1.0,1.0
423,joint,-1,19.36934343590848,19.36934343590848,4.004713171767382,15.364630264141098,1.0,1.0
424,joint,-1,19.36934343590848,19.36934343590848,4.004713171767382,15.364630264141098,1.0,1.0
425,joint,-1,19.36934343590848,19.36934343590848,4.004713171767382,15.364630264141098,1.0,1.0
426,joint,-1,19.36934343590848,19.36934343590848,4.004713171767382,15.364630264141098,1.0,1.0
427,joint,-1,19.36934343590848,19.36934343590848,4.004713171767382,15.364630264141098,1.0,1.0
428,joint,-1,19.36934343590848,19.36934343590848,4.004713171767382,15.364630264141098,1.0,1.0
429,joint,-1,19.36934343590848,19.36934343590848,4.004713171767382,15.364630264141098,1.0,1.0
430,joint,-1,19.36934343590848,19.36934343590848,4.004713171767382,15.364630264141098,1.0,1.0
431,joint,-1,19.36934343590848,19.36934343590848,4.004713171767382,15.364630264141098,1.0,1.0
432,joint,-1,19.36934343590848,19.36934343590848,4.004713171767382,15.364630264141098,1.0,1.0
433,joint,-1,19.36934343590848,19.36934343590848,4.004713171767382,15.364630264141098,1.0,1.0
434,joint,-1,19.36934343590848,19.36934343590848,4.004713171767382,15.364630264141098,1.0,1.0
435,joint,-1,19.36934343590848,19.36934343590848,4.004713171767382,15.364630264141098,1.0,1.0
436,joint,-1,19.36934343590848,19.36934343590848,4.004713171767382,15.364630264141098,1.0,1.0
437,joint,-1,19.36934343590848,19.36934343590848,4.004713171767382,15.364630264141098,1.0,1.0
438,joint,-1,19.36934343590848,19.36934343590848,4.004713171767382,15.364630264141098,1.0,1.0
439,joint,-1,19.36934343590848,19.36934343590848,4.004713171767382,15.364630264141098,1.0,1.0
440,joint,-1,19.36934343590848,19.36934343590848,4.004713171767382,15.364630264141098,1.0,1.0
441,joint,-1,19.36934343590848,19.36934343590848,4.004713171767382,15.364630264141098,1.0,1.0
442,joint,-1,19.36934343590848,19.36934343590848,4.004713171767382,15.364630264141098,1.0,1.0
443,joint,-1,19.36934343590848,19.36934343590848,4.004713171767382,15.364630264141098,1.0,1.0
444,joint,-1,19.36934343590848,19.36934343590848,4.004713171767382,15.364630264141098,1.0,1.0
445,joint,-1,19.36934343590848,19.36934343590848,4.004713171767382,15.364630264141098,1.0,1.0
446,joint,-1,19.36934343590848,19.36934343590848,4.004713171767382,15.364630264141098,1.0,1.0
447,joint,-1,19.36934343590848,19.36934343590848,4.004713171767382,15.364630264141098,1.0,1.0
448,joint,-1,19.36934343590848,19.36934343590848,4.004713171767382,15.364630264141098,1.0,1.0
449,joint,-1,19.36934343590848,19.36934343590848,4.004713171767382,15.364630264141098,1.0,1.0
450,joint,-1,19.36934343590848,19.36934343590848,4.004713171767382,15.364630264141098,1.0,1.0
451,joint,-1,19.36934343590848,19.36934343590848,4.004713171767382,15.364630264141098,1.0,1.0
452,joint,-1,19.36934343590848,19.36934343590848,4.004713171767382,15.364630264141098,1.0,1.0
453,joint,-1,19.36934343590848,19.36934343590848,4.004713171767382,15.364630264141098,1.0,1.0
454,joint,-1,19.36934343590848,19.36934343590848,4.004713171767382,15.364630264141098,1.0,1.0
455,joint,-1,19.36934343590848,19.36934343590848,4.004713171767382,15.364630264141098,1.0,1.0
456,joint,-1,19.36934343590848,19.36934343590848,4.004713171767382,15.364630264141098,1.0,1.0
457,joint,-1,19.36934343590848,19.36934343590848,4.004713171767382,15.364630264141098,1.0,1.0
458,joint,-1,19.36934343590848,19.36934343590848,4.004713171767382,15.364630264141098,1.0,1.0
459,joint,-1,19.36934343590848,19.36934343590848,4.004713171767382,15.364630264141098,1.0,1.0
460,joint,-1,19.36934343590848,19.36934343590848,4.004713171767382,15.364630264141098,1.0,1.0
461,joint,-1,19.36934343590848,19.36934343590848,4.004713171767382,15.364630264141098,1.0,1.0
462,joint,-1,19.36934343590848,19.36934343590848,4.004713171767382,15.364630264141098,1.0,1.0
463,joint,-1,19.36934343590848,19.36934343590848,4.004713171767382,15.364630264141098,1.0,1.0
464,joint,-1,19.36934343590848,19.36934343590848,4.004713171767382,15.364630264141098,1.0,1.0
465,joint,-1,19.36934343590848,19.36934343590848,4.004713171767382,15.364630264141098,1.0,1.0
466,joint,-1,19.36934343590848,19.36934343590848,4.004713171767382,15.364630264141098,1.0,1.0
467,joint,-1,19.36934343590848,19.36934343590848,4.004713171767382,15.364630264141098,1.0,1.0
468,joint,-1,19.36934343590848,19.36934343590848,4.004713171767382,15.364630264141098,1.0,1.0
469,joint,-1,19.36934343590848,19.36934343590848,4.004713171767382,15.364630264141098,1.0,1.0
470,joint,-1,19.36934343590848,19.36934343590848,4.004713171767382,15.364630264141098,1.0,1.0
471,joint,-1,19.36934343590848,19.36934343590848,4.004713171767382,15.364630264141098,1.0,1.0
472,joint,-1,19.36934343590848,19.36934343590848,4.004713171767382,15.364630264141098,1.0,1.0
473,joint,-1,19.36934343590848,19.36934343590848,4.004713171767382,15.364630264141098,1.0,1.0
474,joint,-1,19.36934343590848,19.36934343590848,4.004713171767382,15.364630264141098,1.0,1.0
475,joint,-1,19.36934343590848,19.36934343590848,4.004713171767382,15.364630264141098,1.0,1.0
476,joint,-1,19.36934343590848,19.36934343590848,4.004713171767382,15.364630264141098,1.0,1.0
477,joint,-1,19.36934343590848,19.36934343590848,4.004713171767382,15.364630264141098,1.0,1.0
478,joint,-1,19.36934343590848,19.36934343590848,4.004713171767382,15.364630264141098,1.0,1.0
479,joint,-1,19.36934343590848,19.36934343590848,4.004713171767382,15.364630264141098,1.0,1.0
480,joint,-1,19.36934343590848,19.36934343590848,4.004713171767382,15.364630264141098,1.0,1.0
481,joint,-1,19.36934343590848,19.36934343590848,4.004713171767382,15.364630264141098,1.0,1.0
482,joint,-1,19.36934343590848,19.36934343590848,4.004713171767382,15.364630264141098,1.0,1.0
483,joint,-1,19.36934343590848,19.36934343590848,4.004713171767382,15.364630264141098,1.0,1.0
484,joint,-1,19.36934343590848,19.36934343590848,4.004713171767382,15.364630264141098,1.0,1.0
485,joint,-1,19.36934343590848,19.36934343590848,4.004713171767382,15.364630264141098,1.0,1.0
486,joint,-1,19.36934343590848,19.36934343590848,4.004713171767382,15.364630264141098,1.0,1.0
487,joint,-1,19.36934343590848,19.36934343590848,4.004713171767382,15.364630264141098,1.0,1.0
488,joint,-1,19.36934343590848,19.36934343590848,4.004713171767382,15.364630264141098,1.0,1.0
489,joint,-1,19.36934343590848,19.36934343590848,4.004713171767382,15.364630264141098,1.0,1.0
490,joint,-1,19.36934343590848,19.36934343590848,4.004713171767382,15.364630264141098,1.0,1.0
491,joint,-1,19.36934343590848,19.36934343590848,4.004713171767382,15.364630264141098,1.0,1.0
492,joint,-1,19.36934343590848,19.36934343590848,4.004713171767382,15.364630264141098,1.0,1.0
493,joint,-1,19.36934343590848,19.36934343590848,4.004713171767382,15.364630264141098,1.0,1.0
494,joint,-1,19.36934343590848,19.36934343590848,4.004713171767382,15.364630264141098,1.0,1.0
495,joint,-1,19.36934343590848,19.36934343590848,4.004713171767382,15.364630264141098,1.0,1.0
496,joint,-1,19.36934343590848,19.36934343590848,4.004713171767382,15.364630264141098,1.0,1.0
497,joint,-1,19.36934343590848,19.36934343590848,4.004713171767382,15.364630264141098,1.0,1.0
498,joint,-1,19.36934343590848,19.36934343590848,4.004713171767382,15.364630264141098,1.0,1.0
499,joint,-1,19.36934343590848,19.36934343590848,4.004713171767382,15.364630264141098,1.0,1.0
500,joint,-1,19.36934343590848,19.36934343590848,4.004713171767382,15.364630264141098,1.0,1.0
