mode,mean_ref_amplitude,mean_pred_amplitude,mean_abs_spectral_error,relative_spectral_error,contribution_to_total_spectral_error
0,40.21238586020365,40.21238586279819,2.594514578977216e-09,6.452028457095075e-11,5.949569341563306e-21
1,36.70820914176225,38.99486788484501,2.2871288488397896,0.062305650488347186,0.006161797886079741
2,28.23733287600008,9.538084114476051,19.82867374263003,0.7022148242436569,0.45403215379220835
3,18.892851014984238,4.91815201098521,14.692534455127483,0.7776769341733858,0.2324971108925615
4,11.516270947752394,22.770120854723544,11.541698191551781,1.002207940740084,0.14840749832363653
5,6.725826277519661,15.639075554019655,9.556578920103469,1.420878049146956,0.09828730405575309
6,3.9207911281922883,7.119654066817759e-16,3.9207911281922883,1.0,0.031163133958881418
7,2.334178465405315,1.3792745734467167e-15,2.334178465405315,1.0,0.014761947293825371
8,1.4288884691365464,6.062904307190773e-16,1.4288884691365469,1.0000000000000002,0.007196550148902901
9,0.8981884069198428,1.1704459112361847e-15,0.8981884069198433,1.0000000000000004,0.003595580761100632
10,0.5776705187759572,8.740165161817183e-16,0.577670518775957,0.9999999999999997,0.001835218694984102
11,0.3788315155701949,8.39451245319332e-16,0.37883151557019545,1.0000000000000016,0.0009544359364865136
12,0.2526068390305517,7.606967239382818e-16,0.2526068390305519,1.0000000000000009,0.0005046461861847038
13,0.1708824532621615,6.546688693234222e-16,0.17088245326216117,0.999999999999998,0.0002707614156189527
14,0.11706003297374612,8.583339225418617e-16,0.1170600329737461,0.9999999999999999,0.0001471766275858718
15,0.0810823373304567,1.4968404903087164e-15,0.0810823373304576,1.000000000000011,8.093442603359295e-05
16,0.056716408164883485,3.452784080250168e-16,0.056716408164883526,1.0000000000000007,4.497205137735247e-05
17,0.04002230227905599,1.6416556451408118e-15,0.040022302279055955,0.9999999999999991,2.5223743894233382e-05
18,0.02846572695093206,6.56018734017774e-16,0.02846572695093221,1.0000000000000053,1.4267070310839595e-05
19,0.020391155362275107,6.992143806999597e-16,0.0203911553622749,0.9999999999999898,8.131461871453481e-06
20,0.014702086223541718,7.549289591106082e-16,0.014702086223541811,1.0000000000000064,4.666615637047677e-06
21,0.010663248219368178,8.791324995851947e-16,0.010663248219368655,1.0000000000000446,2.6950108332583313e-06
22,0.007776069022350256,4.914951310912594e-16,0.007776069022350396,1.000000000000018,1.5653019524495925e-06
23,0.005699058156975172,8.2797038546056e-16,0.005699058156975489,1.0000000000000555,9.138890378775005e-07
24,0.004196159743053251,4.3518403560682525e-16,0.004196159743053363,1.0000000000000266,5.360995116913917e-07
25,0.0031028340363192138,5.73134126470025e-16,0.0031028340363192645,1.0000000000000164,3.158427228319316e-07
26,0.0023035055011015647,5.22311292681047e-16,0.0023035055011016996,1.0000000000000586,1.8681062626086226e-07
27,0.0017164210243044507,1.327014745172477e-15,0.0017164210243051012,1.000000000000379,1.1088764439781588e-07
28,0.0012833721136039527,1.0599176416127347e-15,0.0012833721136041312,1.000000000000139,6.603473579679259e-08
29,0.0009626662308278049,9.609011029319429e-16,0.000962666230828002,1.0000000000002047,3.944007179601384e-08
30,0.0007242709827366433,9.591749964783595e-16,0.0007242709827366572,1.000000000000019,2.3618695350083693e-08
31,0.0005464420939568436,1.3015980722494044e-15,0.0005464420939573317,1.0000000000008933,1.4177972155357478e-08
32,0.000413357610651621,5.139650839609756e-16,0.00041335761065190593,1.0000000000006892,8.529161270752025e-09
33,0.00031345396483725506,1.0639469867883883e-15,0.0003134539648376636,1.0000000000013034,5.1408624651124735e-09
34,0.00023824224812714478,1.0153045075886947e-15,0.00023824224812747871,1.0000000000014018,3.1039302752478962e-09
35,0.00018146699365297422,4.973889684805084e-16,0.00018146699365283634,0.9999999999992402,1.876949492944054e-09
36,0.0001384998947636025,9.650304874395416e-16,0.00013849989476406502,1.0000000000033396,1.1365276909615229e-09
37,0.00010590550825725736,1.0260581616506829e-15,0.00010590550825753157,1.0000000000025893,6.890114583320865e-10
38,8.112418658379784e-05,5.264387413789393e-16,8.112418658394306e-05,1.0000000000017901,4.1814399700510413e-10
39,6.224376302860458e-05,1.0527281969605808e-15,6.224376302884399e-05,1.0000000000038463,2.539940233804965e-10
40,4.783055973139934e-05,5.399398024365875e-16,4.783055973154607e-05,1.0000000000030678,1.5440583067415367e-10
41,3.680748615025833e-05,8.935473416861539e-16,3.680748615056088e-05,1.0000000000082196,9.392993796258442e-11
42,2.836236193612801e-05,5.221124138335741e-16,2.8362361936300416e-05,1.0000000000060787,5.717384928045723e-11
43,2.1881989345881203e-05,1.2663598399353453e-15,2.188198934639253e-05,1.0000000000233675,3.481876225731684e-11
44,1.6901563056975674e-05,9.6418935086902e-16,1.6901563057439493e-05,1.0000000000274423,2.1213435373400517e-11
45,1.3068659047948794e-05,1.0161355352317458e-15,1.306865904859971e-05,1.0000000000498075,1.2929198157047576e-11
46,1.0114832399312645e-05,6.682352395849037e-16,1.011483239949289e-05,1.00000000001782,7.882391286694705e-12
47,7.835823174545901e-06,9.239586438960114e-16,7.835823175069108e-06,1.0000000000667713,4.8068814840310604e-12
48,6.0753149942203896e-06,4.642361756230158e-16,6.075314994427812e-06,1.0000000000341418,2.9319117103452546e-12
49,4.714041459301422e-06,9.221690402753538e-16,4.714041459811045e-06,1.0000000001081075,1.7886570919330315e-12
50,3.6603028927891326e-06,6.228207068276369e-16,3.660302893075227e-06,1.0000000000781613,1.091316065451851e-12
51,2.8440101914839015e-06,9.90159744882991e-16,2.844010191928977e-06,1.0000000001564957,6.659541857028888e-13
52,2.211007523299403e-06,8.589736920211695e-16,2.211007523602452e-06,1.000000000137064,4.064023644358585e-13
53,1.7198794496888325e-06,7.967359741777089e-16,1.719879450018521e-06,1.0000000001916929,2.480453194969339e-13
54,1.3384452072211895e-06,5.626921208626574e-16,1.3384452074008289e-06,1.0000000001342149,1.5138982537530581e-13
55,1.042122719454009e-06,8.455056650493498e-16,1.0421227197122008e-06,1.0000000002477558,9.241212329986953e-14
56,8.116785783721234e-07,4.0633993255646117e-16,8.116785784770555e-07,1.000000000129278,5.6405649176847845e-14
57,6.324727730512767e-07,1.1624750594550204e-15,6.324727734984898e-07,1.0000000007070866,3.4434928989715684e-14
58,4.929451820560072e-07,5.86524541666365e-16,4.929451822701398e-07,1.0000000004343945,2.1018429498085003e-14
59,3.843586836965569e-07,7.433218150810816e-16,3.843586840061636e-07,1.0000000008055152,1.2832667158154462e-14
60,2.997245715402578e-07,1.2678432272185777e-15,2.9972457204674516e-07,1.0000000016898427,7.83261117884838e-15
61,2.3382626880042677e-07,9.601946997888486e-16,2.338262693693735e-07,1.0000000024332028,4.782638481986402e-15
62,1.8241122510681665e-07,1.07360170438068e-15,1.8241122534904814e-07,1.0000000013279418,2.918939152625319e-15
63,1.4237048698827692e-07,2.7891212005287593e-15,1.4237048823071e-07,1.0000000087267602,1.782559838865805e-15
64,1.1109603818096508e-07,8.133784830242197e-16,1.1109603847693828e-07,1.0000000026641203,1.087783845921903e-15
65,8.674451419097129e-08,2.51681990399988e-15,8.674451545857709e-08,1.0000000146130947,6.644249875367545e-16
66,6.770009560855644e-08,9.196339886175753e-16,6.770009581551809e-08,1.0000000030570362,4.0536547830547687e-16
67,5.288109899072143e-08,6.104668139627505e-16,5.288109910475094e-08,1.0000000021563378,2.476728814887624e-16
68,4.1272473763671924e-08,1.424938583915834e-15,4.1272474213028124e-08,1.000000010887552,1.5105070833650532e-16
69,3.2251596778806144e-08,1.0408322985163364e-15,3.225159719077612e-08,1.0000000127736304,9.233238749021712e-17
70,2.5168471295479925e-08,6.262956690922078e-16,2.5168471434346983e-08,1.0000000055175007,5.627950581626369e-17
71,1.967726984602665e-08,6.162088660819346e-16,1.9677269949203757e-08,1.0000000052434665,3.4426657451644334e-17
72,1.5350655887523407e-08,5.824228105039038e-16,1.5350656126822953e-08,1.0000000155888809,2.096518722615722e-17
73,1.2009569972981409e-08,6.3593119117794115e-16,1.2009570105373392e-08,1.0000000110238736,1.2839178692309537e-17
74,9.363077057580516e-09,5.081299190013171e-16,9.36307720551729e-09,1.0000000158000166,7.807654380225106e-18
75,7.332352807687129e-09,8.496075441119876e-16,7.3323530699786336e-09,1.0000000357718064,4.790048171721447e-18
76,5.7104737840267825e-09,6.728439109037588e-16,5.710474067053293e-09,1.000000049562702,2.9062999154148814e-18
77,4.478578155150468e-09,8.242088137057869e-16,4.478578319418744e-09,1.000000036678667,1.7881195676764586e-18
78,3.481854963657573e-09,5.261286140628799e-16,3.481855118660396e-09,1.0000000445173116,1.0810309777710411e-18
79,2.737020343573962e-09,1.8693774350415364e-15,2.7370212471587443e-09,1.000000330134478,6.681236152416352e-19
80,2.121901350714304e-09,4.649730265868843e-16,2.1219016210794964e-09,1.000000127416476,4.01625469747221e-19
81,1.6740367601242193e-09,1.415693882289253e-15,1.6740372368091628e-09,1.0000002847517777,2.5001087013837e-19
82,1.2919673355146654e-09,6.623649482074742e-16,1.2919673881352627e-09,1.0000000407290461,1.4892932303014374e-19
83,1.0251378545710166e-09,7.201394474018201e-16,1.0251380898936111e-09,1.0000002295521462,9.377382525062619e-20
84,7.854751054764308e-10,8.407991351828173e-16,7.854755742667172e-10,1.0000005968238626,5.505729187926854e-20
85,6.289622732584326e-10,4.2172426560417294e-16,6.28962320296391e-10,1.0000000747866133,3.5304178886142775e-20
86,4.763830606548067e-10,4.655528532602175e-16,4.76383210331818e-10,1.000000314194655,2.0254030247511272e-20
87,3.8704562345739126e-10,7.16401211899238e-16,3.8704580895268013e-10,1.0000004792594919,1.3370289286479966e-20
88,2.877738349332027e-10,5.765233160395349e-16,2.877739899512236e-10,1.0000005386800401,7.391512557354021e-21
89,2.392949226685133e-10,9.188680577424142e-16,2.3929522945148836e-10,1.0000012820287687,5.1110423965792164e-21
90,1.7270315904938907e-10,3.7678371586300175e-16,1.727032496913741e-10,1.0000005248426578,2.6622714555899907e-21
91,1.4903213853388414e-10,7.231890106098182e-16,1.4903239937780528e-10,1.0000017502528227,1.9825275234222152e-21
92,1.0251829268624202e-10,7.968030568407633e-16,1.0251865690996094e-10,1.0000035527680902,9.38137316532798e-22
93,9.386881926845209e-11,5.180404863218392e-16,9.386905970493654e-11,1.0000025614094896,7.8652024620776205e-22
94,5.972944534469257e-11,5.063403742922206e-16,5.972953394677957e-11,1.0000014833904198,3.1844944431177487e-22
95,6.013808232498482e-11,1.433035226468174e-15,6.013871131305095e-11,1.0000104590642371,3.2282027400491346e-22
96,3.365978136422755e-11,6.690434202139576e-16,3.366026648667528e-11,1.0000144125252175,1.011291387687327e-22
97,3.9495283139381165e-11,1.4331977303644245e-15,3.949583499312919e-11,1.0000139726494954,1.392345967345294e-22
98,1.77920727814565e-11,6.306147235135154e-16,1.7792042036576815e-11,0.9999982719900001,2.825434456458396e-23
99,2.6846866910965133e-11,6.40247022111828e-16,2.684705634549506e-11,1.0000070561131231,6.433584302839575e-23
100,8.147979173488235e-12,7.686299704289797e-16,8.148302050500008e-12,1.0000396266368503,5.925323589514544e-24
101,1.9084062203861162e-11,4.958616122483365e-16,1.9084109029366263e-11,1.0000024536445438,3.250897034330081e-23
102,2.299684074570679e-12,5.405763543168104e-16,2.2998943279768084e-12,1.0000914270827261,4.7183053382116905e-25
103,1.430783642468051e-11,8.075450840992962e-16,1.4308156931003095e-11,1.0000224007538996,1.8272329165425693e-23
104,1.236676049712798e-12,6.228284028687989e-16,1.23683760661352e-12,1.0001306380120805,1.3635999476643759e-25
105,1.1358525549889544e-11,8.651083584966419e-16,1.1358869993814767e-11,1.000030324704004,1.1515418091800856e-23
106,3.363146652299334e-12,4.606664057925092e-16,3.363278096671879e-12,1.0000390837468998,1.0092928083992001e-24
107,9.528112347621668e-12,4.183779596703728e-16,9.528271802548271e-12,1.0000167352063858,8.103200184660309e-24
108,4.633394833706094e-12,5.802353250071585e-16,4.633592025892708e-12,1.000042558899833,1.9159474752993842e-24
109,8.384795957113219e-12,6.119021023596685e-16,8.385051332107401e-12,1.0000304569121883,6.2748497000024696e-24
110,5.3847109653064996e-12,6.153279406329159e-16,5.384844653409276e-12,1.0000248273498127,2.5874615526028265e-24
111,7.664422415614108e-12,1.1488015080878863e-15,7.664814890374768e-12,1.0000512073499317,5.242273671776953e-24
112,5.8219274683489026e-12,3.1276417729858544e-16,5.822105990337293e-12,1.00003066372595,3.024873048784244e-24
113,7.205018986064831e-12,1.390145964484223e-15,7.2054983097667365e-12,1.0000665263620863,4.632495106186854e-24
114,6.070995712745142e-12,6.038711074097327e-16,6.07115922283658e-12,1.000026932994055,3.2891244467414285e-24
115,6.907843546202888e-12,4.545579214161636e-16,6.907982267556034e-12,1.000020081716127,4.258811232087809e-24
116,6.207702840503788e-12,9.453581080260813e-16,6.208173874270898e-12,1.0000758789167608,3.439365124255177e-24
117,6.713625396431455e-12,8.002033165877959e-16,6.714052895144682e-12,1.0000636762833766,4.02288353898632e-24
118,6.279515627112876e-12,5.42423280367255e-16,6.279703769725749e-12,1.0000299613256889,3.519268316821563e-24
119,6.585691809512271e-12,9.605768111655636e-16,6.586154770321825e-12,1.0000702979767266,3.8706952173401336e-24
120,6.3141813233838575e-12,4.047141992279981e-16,6.31433698932901e-12,1.000024653385321,3.558162914777131e-24
121,6.500916335897766e-12,4.733764385516363e-16,6.5011359158781196e-12,1.0000337767737666,3.771693131891524e-24
122,6.328825474474702e-12,5.512655645833045e-16,6.329021073393515e-12,1.0000309060377162,3.574657311658095e-24
123,6.445960158513159e-12,7.724799971558664e-16,6.446325476559188e-12,1.00005667395346,3.7083007308898824e-24
124,6.334001027968985e-12,6.959366050849943e-16,6.334200502724356e-12,1.000031492693874,3.5801453796897454e-24
125,6.4133690030018425e-12,4.744404066435432e-16,6.413646085841037e-12,1.0000432039446139,3.670511435666305e-24
126,6.335511482187722e-12,9.278186883474222e-16,6.3359663108420045e-12,1.0000717903606617,3.58109995168195e-24
127,6.399121542974645e-12,1.1322361433648863e-15,6.399727253192753e-12,1.0000946552138508,3.652814119486731e-24
128,6.336387959981048e-12,1.055261488752624e-15,6.336810064576549e-12,1.000066615964516,3.5810204093049875e-24
